product_code,n_sites_avail,total_sizes,price_1,covered_1,nsup_1,price_2,covered_2,nsup_2,price_3,covered_3,nsup_3
LCA0362WH11,3,9,96.26,3,2,96.26,3,1,96.26,3,1
LCA0363CR51,1,9,122.55,2,1,122.55,2,1,122.55,2,1
LCA0365BE31,1,9,215.1,1,1,215.1,1,1,215.1,1,1
LCA0371BR31,1,9,149.95,4,1,149.95,4,1,149.95,4,1
LCA0374BK11,1,9,161.1,3,1,161.1,3,1,161.1,3,1
LCA0374ST31,1,9,161.1,4,1,161.1,4,1,161.1,4,1
LCA0378BE31,1,9,179.1,1,1,179.1,1,1,179.1,1,1
LCA0378OL71,1,9,143.1,2,1,143.1,2,1,143.1,2,1
LCA0379PU31,1,9,179.1,3,1,179.1,3,1,179.1,3,1
LCA0381NY91,1,9,170.1,1,1,170.1,1,1,170.1,1,1
LCA0381ST11,2,9,123.5,3,1,123.5,3,1,123.5,3,1
LCA0384GN31,2,9,152.1,6,1,152.1,6,1,152.1,6,1
LCA0384WH11,2,9,152.1,6,1,152.1,6,1,152.1,6,1
LCA0385NY91,3,9,132.05,3,1,132.05,3,1,132.05,3,1
LCA0385SN11,2,9,112.1,2,1,112.1,2,1,169.0,6,1
LCA0386WH11,2,9,179.1,5,1,179.1,5,1,179.1,5,1
LCA0387IN71,2,9,179.1,3,1,179.1,3,1,179.1,3,1
LCA0392BE11,2,9,159.95,4,1,159.95,4,1,159.95,4,1
LCA0392GN31,2,9,159.95,5,1,159.95,5,1,159.95,5,1
LCA0392GY52,2,9,159.95,5,1,159.95,5,1,159.95,5,1
LCA0394IN71,2,9,185.0,5,1,185.0,5,1,185.0,5,1
LCA0395GY51,2,9,239.95,5,1,239.95,5,1,239.95,5,1
LCA0396GN31,1,9,215.0,6,1,215.0,6,1,215.0,6,1
LCA0403ST32,1,9,224.1,2,1,224.1,2,1,224.1,2,1
LCA0404OL32,1,9,163.4,4,1,163.4,4,1,163.4,4,1
LCA0405OL32,2,9,199.95,6,1,199.95,6,1,199.95,6,1
LCA0406IN71,3,9,152.95,4,1,152.95,4,1,152.95,4,1
LCA0407BL71,3,9,190.0,3,1,190.0,3,1,190.0,3,1
LCA0412BK91,2,9,161.1,6,1,161.1,6,1,161.1,6,1
LCA0412CR31,3,9,161.1,6,2,161.1,6,2,161.1,6,2
LCA0412PI11,2,9,161.1,6,1,161.1,6,1,161.1,6,1
LCA0413BK91,3,9,197.1,6,2,197.1,6,2,197.1,6,2
LCA0413CR31,3,9,197.1,6,2,197.1,6,2,197.1,6,2
LCA0414BK11,2,9,179.1,6,1,179.1,6,1,179.1,6,1
LCA0414BR31,2,9,179.1,5,1,179.1,5,1,179.1,5,1
LCA0415BK11,1,9,229.0,7,1,229.0,7,1,229.0,7,1
LCA0415ST11,1,9,229.0,7,1,229.0,7,1,229.0,7,1
LCA0416BK11,1,9,199.0,7,1,199.0,7,1,199.0,7,1
LCA0416SN71,1,9,199.0,7,1,199.0,7,1,199.0,7,1
LCA0420SN71,1,9,179.0,8,1,179.0,8,1,179.0,8,1
LCA0421BR91,1,9,179.0,6,1,179.0,6,1,179.0,6,1
LCA0422OL51,2,9,161.1,5,1,161.1,5,1,161.1,5,1
LCA0422ST31,2,9,161.1,5,1,161.1,5,1,161.1,5,1
LCA0423BR31,2,9,161.1,6,1,161.1,6,1,161.1,6,1
LCA0424BR51,2,9,179.1,7,1,179.1,7,1,179.1,7,1
LCA0424OL71,2,9,179.1,6,1,179.1,6,1,179.1,6,1
LCA0426IN51,2,9,206.1,6,1,206.1,6,1,206.1,6,1
LCA0427CR11,5,9,161.1,6,3,161.1,6,2,161.1,6,2
LCA0427OL51,4,9,161.1,6,2,161.1,6,2,161.1,6,2
LCA0428BR92,2,9,149.0,6,2,149.0,6,2,149.0,6,2
LCA0428CR11,2,9,149.0,6,2,149.0,6,2,149.0,6,2
LCA0430SG71,1,9,199.0,7,1,199.0,7,1,199.0,7,1
LCA0430SN71,1,9,199.0,7,1,199.0,7,1,199.0,7,1
LCA0431BK11,1,9,269.0,8,1,269.0,8,1,269.0,8,1
LCA0431ST31,1,9,269.0,8,1,269.0,8,1,269.0,8,1
LFL0055CR11,3,9,60.71,1,1,79.95,4,1,79.95,4,1
LFL0055PI11,2,9,60.71,1,1,89.95,4,1,89.95,4,1
LFL0056BR91,5,9,107.1,6,3,107.1,6,3,107.1,6,3
LFL0056CR11,4,9,88.95,5,1,88.95,5,1,88.95,5,1
LFL0056SG71,5,9,83.3,1,1,107.1,6,3,107.1,6,3
LFL0078BR92,7,9,71.95,4,1,71.95,4,1,71.95,4,1
LFL0078CR31,5,9,62.96,6,2,62.96,6,2,59.95,6,1
LFL0078NY71,5,9,62.96,1,1,79.95,6,2,79.95,6,2
LFL0078PI52,3,9,64.96,1,1,79.95,6,1,79.95,6,1
LFL0078RE71,1,9,62.96,2,1,62.96,2,1,62.96,2,1
LFL0078SG71,4,9,79.95,6,2,79.95,6,2,79.95,6,2
LFL0080OL51,1,9,119.95,4,1,119.95,4,1,119.95,4,1
LFL0084CR31,2,9,78.85,1,1,125.1,4,1,125.1,4,1
LFL0086BE93,1,9,99.95,6,1,99.95,6,1,99.95,6,1
LFL0086RE97,1,9,99.95,6,1,99.95,6,1,99.95,6,1
LFL0088BE93,1,9,119.0,6,1,119.0,6,1,119.0,6,1
LFL0090TN43,4,9,116.1,5,1,116.1,5,1,116.1,5,1
LFL0091CR52,5,9,89.95,6,1,89.95,6,1,89.95,6,1
LFL0091NY99,3,9,99.95,7,3,99.95,7,3,99.95,7,3
LFL0093OL71,3,9,79.95,7,3,79.95,7,3,79.95,7,3
LFL0094CR52,2,9,76.95,5,1,76.95,5,1,76.95,5,1
LFL0094NY99,1,9,89.95,7,1,89.95,7,1,89.95,7,1
LFL0095BE93,6,9,89.95,6,3,89.95,6,3,89.95,6,3
LFL0095OL71,3,9,89.95,6,1,89.95,6,1,89.95,6,1
LFL0095RE97,3,9,89.95,6,1,89.95,6,1,89.95,6,1
LFL0098BK11,3,9,98.1,6,2,98.1,6,2,98.1,6,2
LFL0098BR75,2,9,98.1,4,1,98.1,4,1,98.1,4,1
LFL0098WH12,2,9,98.1,1,1,109.0,6,1,109.0,6,1
LFL0099BR75,3,9,89.95,6,2,89.95,6,2,89.95,6,2
LFL0100BK11,2,9,80.95,6,1,80.95,6,1,80.95,6,1
LGI0003BK11,4,9,60.26,1,1,80.75,2,1,89.95,6,1
LGI0003BL21,1,9,89.95,2,1,89.95,2,1,89.95,2,1
LGI0003BR91,2,9,89.95,6,1,89.95,6,1,89.95,6,1
LGI0003CR31,3,9,62.96,2,1,62.96,2,1,89.95,5,1
LGI0003NY71,4,9,54.15,1,1,62.96,3,1,62.96,3,1
LGI0003OL52,3,9,56.05,1,1,89.95,6,1,89.95,6,1
LGI0003PI15,1,9,89.95,4,1,89.95,4,1,89.95,4,1
LGI0016BE31,2,9,116.1,3,1,116.1,3,1,116.1,3,1
LGI0016BK91,2,9,116.1,5,1,116.1,5,1,116.1,5,1
LGI0016NY71,3,9,96.95,5,1,96.95,5,1,96.95,5,1
LGI0016OL51,3,9,116.1,6,2,116.1,6,1,116.1,6,1
LGI0017BE32,3,9,107.1,6,2,107.1,6,2,107.1,6,2
LGI0017BK11,3,9,94.95,1,1,107.1,6,1,107.1,6,1
LGI0017NY71,2,9,107.1,7,1,107.1,7,1,107.1,7,1
LGI0017OL51,3,9,76.5,3,1,76.5,3,1,76.5,3,1
LGI0017PU95,2,9,107.1,5,1,107.1,5,1,107.1,5,1
LGI0017RE61,2,9,107.1,7,1,107.1,7,1,107.1,7,1
LGI0201BK11,2,9,107.1,7,1,107.1,7,1,107.1,7,1
LGI0201BR31,2,9,107.1,6,1,107.1,6,1,107.1,6,1
LGI0202BK91,1,9,116.1,1,1,116.1,1,1,116.1,1,1
LGI0204BK11,2,9,159.95,4,1,159.95,4,1,159.95,4,1
LGI0208GN91,2,9,100.08,4,1,100.08,4,1,100.08,4,1
LGI0208NY91,1,9,100.08,4,1,100.08,4,1,100.08,4,1
LGI0209BK91,1,9,124.45,4,1,124.45,4,1,124.45,4,1
LGI0210BK11,2,9,103.55,6,1,103.55,6,1,103.55,6,1
LGI0213BE91,1,9,107.1,5,1,107.1,5,1,107.1,5,1
LGI0213BK11,2,9,64.6,1,1,107.1,4,1,107.1,4,1
LGI0217BK11,2,9,77.9,3,1,77.9,3,1,77.9,3,1
LGI0219CR11,1,9,89.96,3,1,89.96,3,1,89.96,3,1
LGI0219GN93,1,9,89.96,5,1,89.96,5,1,89.96,5,1
LGI0220GN91,6,9,71.95,4,2,71.95,4,2,70.95,4,1
LGI0220NY91,2,9,84.55,3,1,84.55,3,1,84.55,3,1
LGI0223NY91,2,9,116.1,2,1,116.1,2,1,129.0,6,1
LGI0223WH11,1,9,129.0,6,1,129.0,6,1,129.0,6,1
LGI0224BK11,3,9,152.1,6,2,152.1,6,2,152.1,6,2
LGI0224PI11,2,9,152.1,6,1,152.1,6,1,152.1,6,1
LGI0225BK11,1,9,229.0,7,1,229.0,7,1,229.0,7,1
LGI0226BK11,1,9,129.0,6,1,129.0,6,1,129.0,6,1
LGI0226OL71,1,9,129.0,6,1,129.0,6,1,129.0,6,1
LGI0228CR11,3,9,116.1,7,2,116.1,7,2,116.1,7,2
LGI0228OL51,4,9,116.1,7,3,116.1,7,3,116.1,7,3
LGI0229BE33,1,9,129.0,6,1,129.0,6,1,129.0,6,1
LGI0229OL51,2,9,116.1,6,1,116.1,6,1,116.1,6,1
LLI0003BK11,6,7,66.95,5,2,72.0,6,3,71.95,6,2
LLI0003BR71,3,7,71.95,7,1,71.95,7,1,71.95,7,1
LLI0003NY91,4,7,72.0,8,2,72.0,8,2,72.0,8,2
LLI0003OL71,5,7,72.0,7,2,72.0,7,2,66.95,7,1
LML0633WH33,1,9,35.15,1,1,35.15,1,1,35.15,1,1
LOL0623NY73,2,9,48.56,4,2,48.56,3,1,48.56,3,1
LOL0649BE11,1,9,71.96,1,1,71.96,1,1,71.96,1,1
LOL0654PI32,1,9,53.96,1,1,53.96,1,1,53.96,1,1
LOL0659BK11,1,9,71.95,6,1,71.95,6,1,71.95,6,1
LOL0660BK11,1,9,80.95,3,1,80.95,3,1,80.95,3,1
LOL0660BR51,1,9,80.95,4,1,80.95,4,1,80.95,4,1
LOL0668NY99,4,9,50.36,2,2,53.95,5,1,53.95,5,1
LOL0669NY99,1,9,45.6,4,1,45.6,4,1,45.6,4,1
LOL0671PI98,2,9,57.0,1,1,79.95,6,1,79.95,6,1
LOL0672NY73,4,9,42.26,3,2,39.9,3,1,39.9,3,1
LOL0673NY73,3,9,45.6,4,1,45.6,4,1,45.6,4,1
LOL0677PI57,1,9,71.96,5,1,71.96,5,1,71.96,5,1
LOL0677PU13,1,9,71.96,4,1,71.96,4,1,71.96,4,1
LOL0678BK11,1,9,80.96,3,1,80.96,3,1,80.96,3,1
LOL0679BK11,1,9,62.96,6,1,62.96,6,1,62.96,6,1
LQU0030BK91,3,9,151.05,2,1,151.05,2,1,179.1,8,1
LQU0030BR92,2,9,179.1,8,1,179.1,8,1,179.1,8,1
LQU0087BE31,2,9,152.1,3,1,152.1,3,1,152.1,3,1
LQU0087BK91,5,9,130.5,7,3,130.5,7,2,130.5,7,2
LQU0087BR95,2,9,152.1,8,1,152.1,8,1,152.1,8,1
LQU0087NY91,3,9,130.5,7,1,130.5,7,1,130.5,7,1
LQU0087OL91,3,9,130.5,5,1,130.5,5,1,130.5,5,1
LQU0087PI51,1,9,152.1,1,1,152.1,1,1,152.1,1,1
LQU0087ST32,1,9,130.5,3,1,130.5,3,1,130.5,3,1
LQU0228BK91,6,9,73.15,2,1,73.15,2,1,111.95,6,2
LQU0228BL21,2,9,107.28,5,1,107.28,5,1,107.28,5,1
LQU0228NY91,3,9,95.95,5,1,95.95,5,1,95.95,5,1
LQU0228OL56,3,9,94.05,3,1,94.05,3,1,94.05,3,1
LQU0228PI71,1,9,134.1,1,1,134.1,1,1,134.1,1,1
LQU0228ST31,3,9,95.95,3,1,95.95,3,1,95.95,3,1
LQU0236CR51,3,9,76.45,8,2,76.45,8,1,76.45,8,1
LQU0236NY91,3,9,76.45,7,2,76.45,7,1,76.45,7,1
LQU0316BK91,2,9,152.1,3,1,152.1,3,1,152.1,3,1
LQU0471BK91,4,9,130.5,2,1,130.5,2,1,152.1,8,1
LQU0471BR11,3,9,130.5,3,1,130.5,3,1,130.5,3,1
LQU0471NY91,4,9,130.5,4,2,130.5,4,2,130.5,4,2
LQU0471OL91,3,9,130.5,2,1,130.5,2,1,152.1,6,1
LQU0475BE53,4,9,92.88,5,2,92.88,4,1,92.88,4,1
LQU0475BE93,1,7,92.88,2,1,92.88,2,1,92.88,2,1
LQU0475BK91,4,7,97.85,6,2,97.85,6,2,97.85,6,2
LQU0475CR71,2,9,92.88,7,1,92.88,7,1,92.88,7,1
LQU0475NY91,4,7,92.88,5,1,92.88,5,1,92.88,5,1
LQU0475OL91,3,7,97.85,4,1,97.85,4,1,97.85,4,1
LQU0475PI56,2,9,92.88,4,1,92.88,4,1,92.88,4,1
LQU0475RE61,2,9,116.1,7,1,116.1,7,1,116.1,7,1
LQU0475RE96,2,9,116.1,8,1,116.1,8,1,116.1,8,1
LQU0475SN11,3,9,116.1,7,2,116.1,7,2,116.1,7,2
LQU0519BK91,3,9,128.66,2,1,128.66,2,1,161.1,8,1
LQU0519CR51,4,9,116.85,2,1,116.85,2,1,128.88,6,1
LQU0519NY91,4,9,128.88,6,2,128.88,5,1,128.88,5,1
LQU0665BE34,2,9,161.1,3,1,161.1,3,1,161.1,3,1
LQU0665BK12,5,9,133.95,5,2,133.95,4,1,133.95,4,1
LQU0665GN92,2,9,161.1,3,1,161.1,3,1,161.1,3,1
LQU0665NY94,2,9,161.1,3,1,161.1,3,1,161.1,3,1
LQU1012BE34,4,9,80.75,1,1,94.5,6,1,94.5,6,1
LQU1012BK91,3,9,97.85,6,1,97.85,6,1,97.85,6,1
LQU1012BR92,2,9,116.1,7,1,116.1,7,1,116.1,7,1
LQU1012NY71,4,9,97.85,7,2,97.85,7,2,97.85,7,1
LQU1012OL51,5,9,77.0,1,1,97.85,6,2,97.85,6,2
LQU1064BK91,5,9,113.05,4,3,113.05,4,2,107.06,4,1
LQU1064NY71,4,9,94.05,3,1,94.05,3,1,94.05,3,1
LQU1064OL53,3,9,108.0,2,1,108.0,2,1,134.1,4,1
LQU1542NY91,3,9,179.1,7,1,179.1,7,1,179.1,7,1
LQU1745BE31,1,9,251.1,1,1,251.1,1,1,251.1,1,1
LQU1745BK11,2,9,197.6,1,1,229.95,3,1,229.95,3,1
LQU1745OL52,2,9,179.55,2,1,179.55,2,1,199.95,4,1
LQU1765BK91,4,9,187.15,6,2,187.15,6,2,187.15,6,2
LQU1765NY71,3,9,166.44,4,1,166.44,4,1,166.44,4,1
LQU1765SG71,3,9,166.4,1,1,197.1,6,1,197.1,6,1
LQU1767BR52,3,9,152.1,6,2,152.1,5,1,152.1,5,1
LQU1767TN14,1,9,169.0,8,1,169.0,8,1,169.0,8,1
LQU1813BK11,3,9,89.95,2,2,134.1,3,1,134.1,3,1
LQU1815WH11,1,9,179.1,1,1,179.1,1,1,179.1,1,1
LQU1820BK91,2,9,128.25,1,1,128.25,1,1,128.25,1,1
LQU1839BK11,1,9,129.95,3,1,129.95,3,1,129.95,3,1
LQU1839OL71,2,9,99.95,6,2,99.95,5,1,99.95,5,1
LQU1849BK91,2,9,224.1,7,1,224.1,7,1,224.1,7,1
LQU1849SG71,2,9,224.1,7,1,224.1,7,1,224.1,7,1
LQU1851BE72,2,9,152.1,7,1,152.1,7,1,152.1,7,1
LQU1851BK91,2,9,128.25,1,1,169.0,8,1,169.0,8,1
LQU1851GN14,2,9,101.66,4,1,101.66,4,1,101.66,4,1
LQU1851NY52,2,9,152.1,7,1,152.1,7,1,152.1,7,1
LQU1851NY71,1,9,152.1,2,1,152.1,2,1,152.1,2,1
LQU1851OL74,2,9,152.1,7,1,152.1,7,1,152.1,7,1
LQU1851PI53,1,9,152.1,6,1,152.1,6,1,152.1,6,1
LQU1852BE72,2,9,152.1,2,1,152.1,2,1,169.0,8,1
LQU1852BK91,2,9,152.1,6,1,152.1,6,1,152.1,6,1
LQU1852GN14,1,9,152.1,2,1,152.1,2,1,152.1,2,1
LQU1852NY52,2,9,152.1,7,1,152.1,7,1,152.1,7,1
LQU1852OL74,2,9,152.1,6,1,152.1,6,1,152.1,6,1
LQU1852PI53,1,9,152.1,3,1,152.1,3,1,152.1,3,1
LQU1858OL71,2,9,139.95,2,1,139.95,2,1,229.95,7,1
LQU1859OL71,3,9,190.0,4,2,190.0,4,2,189.0,3,1
LQU1861BK91,2,9,109.25,3,1,109.25,3,1,109.25,3,1
LQU1863CR31,1,9,242.1,5,1,242.1,5,1,242.1,5,1
LQU1864BK91,2,9,132.05,2,1,132.05,2,1,132.05,2,1
LQU1866BK91,2,9,128.25,1,1,206.1,2,1,128.25,1,1
LQU1866GN31,2,9,132.05,2,1,132.05,2,1,206.1,3,1
LQU1867CR31,1,9,161.1,5,1,161.1,5,1,161.1,5,1
LQU1878BE91,1,9,242.1,6,1,242.1,6,1,242.1,6,1
LQU1880BK11,1,9,188.1,6,1,188.1,6,1,188.1,6,1
LQU1880CR11,1,9,188.1,4,1,188.1,4,1,188.1,4,1
LQU1883OL71,2,9,149.15,1,1,224.1,6,1,224.1,6,1
LQU1885NY91,1,9,179.1,4,1,179.1,4,1,179.1,4,1
LQU1885OL71,1,9,179.1,4,1,179.1,4,1,179.1,4,1
LQU1887BE31,2,9,161.1,1,1,206.1,4,1,206.1,4,1
LQU1894GN34,2,9,95.95,3,1,95.95,3,1,95.95,3,1
LQU1894PI32,1,9,152.1,4,1,152.1,4,1,152.1,4,1
LQU1895CR11,1,9,152.1,5,1,152.1,5,1,152.1,5,1
LQU1895GN93,1,9,152.1,5,1,152.1,5,1,152.1,5,1
LQU1896CR11,1,9,179.1,1,1,179.1,1,1,179.1,1,1
LQU1896GN93,1,9,179.1,1,1,179.1,1,1,179.1,1,1
LQU1897CR11,1,9,152.1,6,1,152.1,6,1,152.1,6,1
LQU1898NY91,1,9,134.1,6,1,134.1,6,1,134.1,6,1
LQU1898ST11,1,9,134.1,6,1,134.1,6,1,134.1,6,1
LQU1899NY71,1,9,134.1,6,1,134.1,6,1,134.1,6,1
LQU1900GN91,2,9,100.95,1,1,100.95,1,1,100.95,1,1
LQU1900NY91,1,9,152.1,1,1,152.1,1,1,152.1,1,1
LQU1908GN31,2,9,152.1,6,1,152.1,6,1,152.1,6,1
LQU1908NY91,2,9,152.1,6,1,152.1,6,1,152.1,6,1
LQU1912BK11,3,9,179.1,6,2,179.1,6,2,179.1,6,2
LQU1912BR31,3,9,179.1,6,2,179.1,6,2,179.1,6,1
LQU1912CR11,2,9,179.1,6,1,179.1,6,1,179.1,6,1
LQU1913BK12,2,9,197.1,6,1,197.1,6,1,197.1,6,1
LQU1913BR31,3,9,197.1,6,2,197.1,6,2,197.1,6,1
LQU1914BK11,3,9,179.1,6,2,179.1,6,2,179.1,6,2
LQU1914BR31,3,9,179.1,4,2,179.1,4,2,179.1,4,2
LQU1914PI11,2,9,179.1,6,1,179.1,6,1,179.1,6,1
LQU1917BK91,2,9,179.1,6,1,179.1,6,1,179.1,6,1
LQU1917CR31,2,9,179.1,6,1,179.1,6,1,179.1,6,1
LQU1918BK91,2,9,179.1,6,1,179.1,6,1,179.1,6,1
LQU1918BR31,2,9,179.1,6,1,179.1,6,1,179.1,6,1
LQU1918PI11,2,9,179.1,6,1,179.1,6,1,179.1,6,1
LQU1920BK91,1,9,169.0,7,1,169.0,7,1,169.0,7,1
LQU1920GN71,1,9,169.0,7,1,169.0,7,1,169.0,7,1
LQU1920ST11,1,9,169.0,7,1,169.0,7,1,169.0,7,1
LQU1921GN71,1,9,199.0,7,1,199.0,7,1,199.0,7,1
LQU1921ST11,1,9,199.0,7,1,199.0,7,1,199.0,7,1
LQU1922BK11,2,9,206.1,6,1,206.1,6,1,206.1,6,1
LQU1922OL71,2,9,206.1,2,1,206.1,2,1,229.0,6,1
LQU1924BR91,2,9,161.1,7,1,161.1,7,1,161.1,7,1
LQU1924NY91,2,9,161.1,6,1,161.1,6,1,161.1,6,1
LQU1924OL51,2,9,161.1,7,1,161.1,7,1,161.1,7,1
LQU1925BE31,2,9,161.1,7,1,161.1,7,1,161.1,7,1
LQU1925BR91,2,9,161.1,7,1,161.1,7,1,161.1,7,1
LQU1925OL51,2,9,161.1,7,1,161.1,7,1,161.1,7,1
LQU1926BE31,2,9,206.1,4,1,206.1,4,1,206.1,4,1
LQU1926NY91,2,9,206.1,7,1,206.1,7,1,206.1,7,1
LQU1926OL51,2,9,206.1,7,1,206.1,7,1,206.1,7,1
LQU1927BK91,2,9,206.1,7,1,206.1,7,1,206.1,7,1
LQU1927OL53,2,9,206.1,7,1,206.1,7,1,206.1,7,1
LQU1928BK11,2,9,242.1,7,1,242.1,7,1,242.1,7,1
LQU1928OL71,2,9,242.1,7,1,242.1,7,1,242.1,7,1
LQU1928SN31,2,9,242.1,7,1,242.1,7,1,242.1,7,1
LQU1929BK11,2,9,242.1,7,1,242.1,7,1,242.1,7,1
LQU1929BR91,2,9,242.1,7,1,242.1,7,1,242.1,7,1
LQU1929OL51,2,9,242.1,7,1,242.1,7,1,242.1,7,1
LQU1931NY91,2,9,179.1,7,1,179.1,7,1,179.1,7,1
LQU1931OL71,2,9,179.1,7,1,179.1,7,1,179.1,7,1
LQU1932TN11,2,9,179.1,7,1,179.1,7,1,179.1,7,1
LQU1933BK11,2,9,179.1,8,1,179.1,8,1,179.1,8,1
LQU1933OL71,2,9,179.1,8,1,179.1,8,1,179.1,8,1
LQU1933SN31,2,9,179.1,2,1,179.1,2,1,199.0,8,1
LQU1934BK91,2,9,152.1,7,1,152.1,7,1,152.1,7,1
LQU1934BR92,2,9,152.1,7,1,152.1,7,1,152.1,7,1
LQU1934OL74,2,9,152.1,6,1,152.1,6,1,152.1,6,1
LQU1935NY92,2,9,161.1,6,1,161.1,6,1,161.1,6,1
LQU1936BK91,1,9,179.0,6,1,179.0,6,1,179.0,6,1
LQU1936BR92,2,9,179.0,6,2,179.0,6,2,179.0,6,2
LQU1936OL74,2,9,179.0,6,2,179.0,6,2,179.0,6,2
LQU1938BK11,2,9,224.1,6,1,224.1,6,1,224.1,6,1
LQU1938BR31,2,9,224.1,6,1,224.1,6,1,224.1,6,1
LQU1938CR11,2,9,224.1,6,1,224.1,6,1,224.1,6,1
LQU1939BR71,2,9,224.1,7,1,224.1,7,1,224.1,7,1
LQU1940BK11,2,9,152.1,7,1,152.1,7,1,152.1,7,1
LQU1940BR92,2,9,152.1,8,1,152.1,8,1,152.1,8,1
LQU1941BE31,2,9,224.1,7,1,224.1,7,1,224.1,7,1
LQU1941BR91,2,9,224.1,7,1,224.1,7,1,224.1,7,1
LQU1943BE33,2,9,161.1,7,1,161.1,7,1,161.1,7,1
LQU1943BK11,2,9,161.1,3,1,161.1,3,1,161.1,3,1
LQU1943OL51,2,9,161.1,7,1,161.1,7,1,161.1,7,1
LQU1945BR71,2,9,161.1,6,1,161.1,6,1,161.1,6,1
LQU1946SG71,2,9,299.0,7,2,299.0,7,2,299.0,7,2
LQU1947BR92,2,9,242.1,6,1,242.1,6,1,242.1,6,1
LQU1947OL51,1,9,269.0,7,1,269.0,7,1,269.0,7,1
LQU1949OL72,1,9,249.0,7,1,249.0,7,1,249.0,7,1
LQU1950BK91,1,9,249.0,7,1,249.0,7,1,249.0,7,1
LQU1950ST32,1,9,249.0,7,1,249.0,7,1,249.0,7,1
LQU1950ST71,1,9,249.0,7,1,249.0,7,1,249.0,7,1
LQU1966BK11,2,9,224.1,6,1,224.1,6,1,224.1,6,1
LSP0081NY31,2,9,206.1,7,1,206.1,7,1,206.1,7,1
LSP0081ST33,2,9,206.1,3,1,206.1,3,1,206.1,3,1
LSP0183OL71,1,9,231.2,1,1,231.2,1,1,231.2,1,1
LSP0211NY51,1,9,224.1,3,1,224.1,3,1,224.1,3,1
LSP0211ST51,1,9,224.1,2,1,224.1,2,1,224.1,2,1
LSP0220PI31,1,9,143.1,2,1,143.1,2,1,143.1,2,1
LSP0220ST33,1,9,143.1,2,1,143.1,2,1,143.1,2,1
LSP0233GN32,1,9,146.3,1,1,146.3,1,1,146.3,1,1
LSP0233NY93,1,9,179.1,1,1,179.1,1,1,179.1,1,1
LSP0233ST33,1,9,179.1,1,1,179.1,1,1,179.1,1,1
LSP0235NY91,3,9,119.7,2,1,119.7,2,1,169.95,4,1
LSP0235ST31,1,9,197.1,4,1,197.1,4,1,197.1,4,1
LSP0241BR52,1,9,179.1,1,1,179.1,1,1,179.1,1,1
LSP0245BE51,1,9,209.95,6,1,209.95,6,1,209.95,6,1
LSP0247BE51,1,9,224.1,1,1,224.1,1,1,224.1,1,1
LSP0249BR32,1,9,189.95,5,1,189.95,5,1,189.95,5,1
LSP0249OL51,1,9,189.95,7,1,189.95,7,1,189.95,7,1
LSP0250NY91,1,9,189.95,7,1,189.95,7,1,189.95,7,1
LSP0252IN71,1,9,179.1,1,1,179.1,1,1,179.1,1,1
LSP0256BR51,5,9,197.6,2,2,219.0,8,2,219.0,8,2
LSP0256CR11,3,9,197.1,2,1,197.1,2,1,219.0,8,1
LSP0259CR31,1,9,251.1,2,1,251.1,2,1,251.1,2,1
LSP0270BK11,1,9,179.1,5,1,179.1,5,1,179.1,5,1
LSP0270GY31,1,9,179.1,6,1,179.1,6,1,179.1,6,1
LSP0271OL51,1,9,251.1,5,1,251.1,5,1,251.1,5,1
LSP0273BE31,2,9,134.99,1,1,242.1,4,1,242.1,4,1
LSP0275NY91,1,9,179.1,3,1,179.1,3,1,179.1,3,1
LSP0276SG71,1,9,242.1,1,1,242.1,1,1,242.1,1,1
LSP0278BK11,1,9,197.1,6,1,197.1,6,1,197.1,6,1
LSP0295BK11,1,9,143.1,5,1,143.1,5,1,143.1,5,1
LSP0295WH11,1,9,143.1,5,1,143.1,5,1,143.1,5,1
LSP0298PI31,1,9,179.1,1,1,179.1,1,1,179.1,1,1
LSP0299BK11,1,9,152.1,2,1,152.1,2,1,152.1,2,1
LSP0299WH11,1,9,152.1,6,1,152.1,6,1,152.1,6,1
LSP0304CR31,1,9,170.1,1,1,170.1,1,1,170.1,1,1
LSP0304OL72,1,9,129.95,3,1,129.95,3,1,129.95,3,1
LSP0305OL72,1,9,179.95,3,1,179.95,3,1,179.95,3,1
LSP0306CR31,2,9,149.95,5,1,149.95,5,1,149.95,5,1
LSP0306OL72,2,9,179.1,2,2,169.95,2,1,179.1,2,2
LSP0307BK11,1,9,149.95,2,1,149.95,2,1,149.95,2,1
LSP0307GN51,3,9,118.3,1,1,139.95,3,1,139.95,3,1
LSP0310NY91,1,9,189.95,4,1,189.95,4,1,189.95,4,1
LSP0310OL72,2,9,206.1,3,2,206.1,3,2,206.1,3,1
LSP0311CR31,1,9,161.1,3,1,161.1,3,1,161.1,3,1
LSP0311OL72,2,9,125.0,3,1,125.0,3,1,125.0,3,1
LSP0313OL51,2,9,181.45,2,1,181.45,2,1,242.1,5,1
LSP0315ST31,1,9,197.1,2,1,197.1,2,1,197.1,2,1
LSP0316OL11,2,9,122.55,3,1,122.55,3,1,122.55,3,1
LSP0316ST31,1,9,179.1,3,1,179.1,3,1,179.1,3,1
LSP0317NY91,1,9,145.0,6,1,145.0,6,1,145.0,6,1
LSP0319OL51,1,9,152.1,3,1,152.1,3,1,152.1,3,1
LSP0320NY71,2,9,149.95,1,1,149.95,1,1,149.95,1,1
LSP0324NY51,3,9,154.85,2,1,154.85,2,1,206.1,5,2
LSP0325GN11,1,9,161.1,1,1,161.1,1,1,161.1,1,1
LSP0325GY71,1,9,161.1,5,1,161.1,5,1,161.1,5,1
LSP0326GY71,1,9,242.1,1,1,242.1,1,1,242.1,1,1
LSP0337BK11,1,9,161.1,1,1,161.1,1,1,161.1,1,1
LSP0337CR11,2,9,161.1,1,1,179.0,6,1,179.0,6,1
LSP0337GY91,2,9,161.1,2,1,161.1,2,1,179.0,6,1
LSP0338BK11,2,9,179.1,6,1,179.1,6,1,179.1,6,1
LSP0338CR11,2,9,179.1,6,1,179.1,6,1,179.1,6,1
LSP0338GY91,2,9,179.1,6,1,179.1,6,1,179.1,6,1
LSP0340NY91,2,9,161.1,2,1,161.1,2,1,179.0,6,1
LSP0340SN11,1,9,161.1,1,1,161.1,1,1,161.1,1,1
LSP0341GN32,2,9,179.1,5,1,179.1,5,1,179.1,5,1
LSP0341NY91,2,9,179.1,5,1,179.1,5,1,179.1,5,1
LSP0342BK11,2,9,134.1,6,1,134.1,6,1,134.1,6,1
LSP0342CR31,2,9,134.1,6,1,134.1,6,1,134.1,6,1
LSP0345BK11,2,9,242.1,6,1,242.1,6,1,242.1,6,1
LSP0346BK11,2,9,224.1,6,1,224.1,6,1,224.1,6,1
LSP0347BK11,2,9,179.1,6,1,179.1,6,1,179.1,6,1
LSP0347CR11,2,9,179.1,6,1,179.1,6,1,179.1,6,1
LSP0348BK11,2,9,179.1,5,1,179.1,5,1,179.1,5,1
LSP0349BK11,2,9,224.1,5,1,224.1,5,1,224.1,5,1
LSP0349CR51,2,9,224.1,6,1,224.1,6,1,224.1,6,1
LSP0350NY92,2,9,179.1,6,1,179.1,6,1,179.1,6,1
LSP0351NY92,1,9,269.0,7,1,269.0,7,1,269.0,7,1
LSP0353BE31,1,9,269.0,6,1,269.0,6,1,269.0,6,1
LSP0353OL71,1,9,269.0,6,1,269.0,6,1,269.0,6,1
LSP0354BE31,1,9,219.0,7,1,219.0,7,1,219.0,7,1
LSP0354NY91,1,9,219.0,7,1,219.0,7,1,219.0,7,1
LSP0354OL71,1,9,219.0,7,1,219.0,7,1,219.0,7,1
LSP0355NY91,2,9,206.1,6,1,206.1,6,1,206.1,6,1
LSP0355ST31,2,9,206.1,4,1,206.1,4,1,206.1,4,1
LSP0357BR91,2,9,242.1,2,1,242.1,2,1,269.0,6,1
LSP0357NY91,2,9,242.1,2,1,242.1,2,1,269.0,6,1
LSP0357ST31,2,9,242.1,2,1,242.1,2,1,269.0,6,1
LSP0358BR71,3,9,179.1,4,2,179.1,4,1,179.1,4,1
LSP0359BE31,2,9,224.1,6,1,224.1,6,1,224.1,6,1
LSP0359OL71,2,9,224.1,6,1,224.1,6,1,224.1,6,1
LSP0361BE52,3,9,179.1,3,1,179.1,3,1,179.1,3,1
LWB0794OL51,1,9,171.0,2,1,171.0,2,1,171.0,2,1
LWB0798BK11,4,9,199.95,2,1,199.95,2,1,224.1,6,1
LWB0798NY92,4,9,199.95,1,1,224.1,5,1,224.1,5,1
LWB0798ST31,2,9,224.1,7,1,224.1,7,1,224.1,7,1
LWB0800BE31,2,9,224.1,4,2,209.95,4,1,209.95,4,1
LWB0800NY92,1,9,171.95,1,1,171.95,1,1,171.95,1,1
LWB0890NY91,2,9,179.1,3,1,179.1,3,1,179.1,3,1
LWB0890OL52,2,9,179.95,3,2,179.95,3,2,179.95,3,2
LWB0919OL52,1,9,175.0,1,1,175.0,1,1,175.0,1,1
LWB0927BK11,2,9,101.65,1,1,101.65,1,1,101.65,1,1
LWB0935NY91,1,9,251.1,2,1,251.1,2,1,251.1,2,1
LWB0935ST31,1,9,251.1,1,1,251.1,1,1,251.1,1,1
LWB0937OL31,1,9,179.1,1,1,179.1,1,1,179.1,1,1
LWB0937PU11,1,9,179.1,1,1,179.1,1,1,179.1,1,1
LWB0938GY71,2,9,150.25,2,2,150.25,2,2,150.25,2,2
LWB0938PI51,2,9,168.15,1,1,224.1,2,1,168.15,1,1
LWB0940BK11,3,9,238.45,3,1,238.45,3,1,238.45,3,1
LWB0940BR31,2,9,279.0,6,2,279.0,6,2,279.0,6,2
LWB0941BR91,2,9,251.1,6,1,251.1,6,1,251.1,6,1
LWB0941NY91,2,9,251.1,7,1,251.1,7,1,251.1,7,1
LWB0944BE31,2,9,251.1,6,1,251.1,6,1,251.1,6,1
LWB0944BR91,2,9,251.1,6,1,251.1,6,1,251.1,6,1
LWB0945BK11,2,9,251.1,6,1,251.1,6,1,251.1,6,1
LWB0945SG71,2,9,251.1,6,1,251.1,6,1,251.1,6,1
LWB0946BE34,2,9,251.1,6,1,251.1,6,1,251.1,6,1
LWB0946SG71,6,9,251.1,5,2,251.1,5,2,251.1,5,1
LWB0947BR91,4,9,179.1,7,1,179.1,7,1,179.1,7,1
LWB0947SG71,4,9,179.1,4,1,179.1,4,1,179.1,4,1
LWX0003BK51,3,9,227.05,1,1,269.1,8,1,269.1,8,1
LWX0534NY92,6,9,200.66,4,2,208.95,5,2,208.95,5,2
LWX0534OL71,4,9,251.1,7,3,251.1,7,3,251.1,7,2
LWX0667BK11,6,9,242.1,9,3,242.1,9,3,242.1,9,3
LWX0667BR31,5,9,242.1,9,2,242.1,9,2,242.1,9,2
LWX0667NY91,5,9,242.1,9,2,242.1,9,2,242.1,9,2
LWX0667RU52,5,9,242.1,9,2,242.1,9,2,242.1,9,2
LWX0667SG91,5,9,242.1,9,3,242.1,9,3,242.1,9,3
LWX0668OL71,7,9,242.1,9,3,242.1,9,3,242.1,9,3
LWX0752BK11,5,9,179.1,6,1,179.1,6,1,179.1,6,1
LWX0752NY51,5,9,179.1,5,2,179.1,5,2,179.1,5,2
LWX0752OL51,5,9,179.1,1,1,215.1,8,2,215.1,8,2
LWX0752RU71,3,9,215.1,8,1,215.1,8,1,215.1,8,1
LWX0827NY51,1,9,224.1,2,1,224.1,2,1,224.1,2,1
LWX0827OL51,2,9,142.5,1,1,224.1,3,1,224.1,3,1
LWX1066NY51,1,7,197.1,4,1,197.1,4,1,197.1,4,1
LWX1066OL51,4,7,197.1,3,1,197.1,3,1,197.1,3,1
LWX1081BR31,1,9,202.0,5,1,202.0,5,1,202.0,5,1
LWX1081OL71,5,9,202.5,5,2,193.45,4,1,193.45,4,1
LWX1179BK71,3,9,184.6,1,2,287.1,6,1,287.1,6,1
LWX1179RU91,6,9,179.1,5,1,179.1,5,1,179.1,5,1
LWX1179SG51,5,9,179.1,6,1,179.1,6,1,179.1,6,1
LWX1262BR31,2,9,269.1,5,1,269.1,5,1,269.1,5,1
LWX1262NY92,4,9,215.06,2,2,269.1,7,1,269.1,7,1
LWX1262OL71,3,9,241.3,2,1,241.3,2,1,269.1,7,1
LWX1264OL71,4,9,265.05,1,1,314.1,7,2,314.1,7,2
LWX1333SG51,2,9,209.95,1,1,299.0,7,1,299.0,7,1
LWX1397SG51,2,9,219.95,2,1,219.95,2,1,296.1,3,1
LWX1402BK71,3,9,242.1,6,1,242.1,6,1,242.1,6,1
LWX1402NY92,3,9,242.1,4,1,242.1,4,1,242.1,4,1
LWX1402SG51,3,9,242.1,7,1,242.1,7,1,242.1,7,1
LWX1402SN31,1,9,242.1,1,1,242.1,1,1,242.1,1,1
LWX1403BK71,3,9,224.1,4,1,224.1,4,1,224.1,4,1
LWX1403NY92,3,9,224.1,7,1,224.1,7,1,224.1,7,1
LWX1403SG51,3,9,224.1,5,1,224.1,5,1,224.1,5,1
LWX1403SN31,1,9,224.1,5,1,224.1,5,1,224.1,5,1
LWX1410BK71,2,9,224.1,3,1,224.1,3,1,224.1,3,1
LWX1410OL71,1,9,249.0,7,1,249.0,7,1,249.0,7,1
LWX1410RE93,1,9,249.0,7,1,249.0,7,1,249.0,7,1
LWX1410SG71,1,9,249.0,7,1,249.0,7,1,249.0,7,1
LWX1411OL91,1,9,269.0,7,1,269.0,7,1,269.0,7,1
LWX1411RE93,1,9,269.0,7,1,269.0,7,1,269.0,7,1
LWX1411SN91,1,9,269.0,7,1,269.0,7,1,269.0,7,1
LWX1414GY51,2,9,251.1,2,1,251.1,2,1,279.0,7,1
LWX1414OL51,1,9,279.0,7,1,279.0,7,1,279.0,7,1
LWX1414SN91,1,9,279.0,7,1,279.0,7,1,279.0,7,1
LWX1482NY92,2,9,224.1,8,1,224.1,8,1,224.1,8,1
LWX1482OL33,2,9,224.1,8,1,224.1,8,1,224.1,8,1
LWX1482OL52,4,9,174.8,1,1,224.1,7,1,224.1,7,1
LWX1517OL99,1,9,251.1,1,1,251.1,1,1,251.1,1,1
LWX1520OL99,1,9,341.1,6,1,341.1,6,1,341.1,6,1
LWX1530BK11,1,9,269.1,5,1,269.1,5,1,269.1,5,1
LWX1530OL12,1,9,269.1,1,1,269.1,1,1,269.1,1,1
LWX1530SN11,1,9,269.1,6,1,269.1,6,1,269.1,6,1
LWX1531GY71,4,9,161.95,1,1,188.0,5,1,188.0,5,1
LWX1531OL12,1,9,242.1,5,1,242.1,5,1,242.1,5,1
LWX1533OL51,2,9,215.0,6,1,215.0,6,1,215.0,6,1
LWX1533RU71,1,9,242.1,2,1,242.1,2,1,242.1,2,1
LWX1534NY51,2,9,195.7,4,1,195.7,4,1,195.7,4,1
LWX1534SN31,1,9,269.1,6,1,269.1,6,1,269.1,6,1
LWX1536OL51,5,9,164.95,2,3,242.1,6,1,242.1,6,1
LWX1557OL71,1,9,269.0,7,1,269.0,7,1,269.0,7,1
LWX1561SG51,1,9,269.0,7,1,269.0,7,1,269.0,7,1
LWX1567OL71,2,9,251.1,1,1,279.0,8,1,279.0,8,1
LWX1568BK71,2,9,269.1,8,1,269.1,8,1,269.1,8,1
LWX1568NY92,2,9,269.1,8,1,269.1,8,1,269.1,8,1
LWX1568OL33,2,9,269.1,8,1,269.1,8,1,269.1,8,1
LWX1574RU91,2,9,269.1,7,1,269.1,7,1,269.1,7,1
LWX1574SN91,2,9,269.1,7,1,269.1,7,1,269.1,7,1
LWX1577OL33,1,9,299.0,6,1,299.0,6,1,299.0,6,1
LWX1577RE91,1,9,299.0,6,1,299.0,6,1,299.0,6,1
LWX1577SN91,3,9,249.0,5,1,249.0,5,1,249.0,5,1
LWX1580BK71,4,9,269.1,8,2,269.1,8,2,269.1,8,2
LWX1581BK71,2,9,251.1,6,1,251.1,6,1,251.1,6,1
LWX1581OL71,3,9,251.1,8,1,251.1,8,1,251.1,8,1
LWX1581RU91,3,9,251.1,7,2,251.1,7,1,251.1,7,1
LWX1582BK71,2,9,251.1,8,1,251.1,8,1,251.1,8,1
LWX1582OL71,2,9,251.1,8,1,251.1,8,1,251.1,8,1
LWX1582RU91,3,9,251.1,7,2,251.1,7,2,251.1,7,2
LWX1584OL71,1,9,299.0,6,1,299.0,6,1,299.0,6,1
LWX1587TA51,2,9,269.1,7,1,269.1,7,1,269.1,7,1
LWX1595NY92,2,9,242.1,7,1,242.1,7,1,242.1,7,1
LWX1595OL71,2,9,242.1,4,1,242.1,4,1,242.1,4,1
LWX1595SN91,3,9,242.1,7,2,242.1,7,2,242.1,7,2
LWX1596NY92,2,9,242.1,7,1,242.1,7,1,242.1,7,1
LWX1596SN91,4,9,242.1,6,2,242.1,6,2,242.1,6,2
LWX1597OL71,5,9,296.1,9,2,296.1,9,2,296.1,9,2
MCA0412BK12,1,7,161.1,4,1,161.1,4,1,161.1,4,1
MCA0412NY71,3,7,105.45,1,1,128.66,3,1,128.66,3,1
MCA0427BE31,1,7,161.1,4,1,161.1,4,1,161.1,4,1
MCA0427NY71,1,7,161.1,3,1,161.1,3,1,161.1,3,1
MCA0427SG71,1,7,161.1,1,1,161.1,1,1,161.1,1,1
MCA0430BE31,3,7,111.0,1,1,135.0,6,1,135.0,6,1
MCA0430GN51,3,7,130.0,1,1,149.95,6,1,149.95,6,1
MCA0430NY71,3,7,149.95,6,2,149.95,6,2,149.95,6,2
MCA0430SN71,1,7,161.1,6,1,161.1,6,1,161.1,6,1
MCA0792BE31,1,7,152.1,1,1,152.1,1,1,152.1,1,1
MCA0792NY51,3,7,165.0,5,2,169.0,5,2,169.0,5,2
MCA0792OL11,1,7,169.0,3,1,169.0,3,1,169.0,3,1
MCA0931GY71,2,9,206.1,5,1,206.1,5,1,206.1,5,1
MCA0931NY71,2,9,206.1,5,1,206.1,5,1,206.1,5,1
MCA0931SG71,2,9,206.1,6,1,206.1,6,1,206.1,6,1
MCA0931ST51,2,9,206.1,5,1,206.1,5,1,206.1,5,1
MCA0933BR71,1,9,279.0,7,1,279.0,7,1,279.0,7,1
MCA0933NY71,1,9,279.0,7,1,279.0,7,1,279.0,7,1
MCA0933SG71,2,9,251.1,4,1,251.1,4,1,251.1,4,1
MCA0933SN71,2,9,251.1,5,1,251.1,5,1,251.1,5,1
MCA0963SG51,1,9,299.0,6,1,299.0,6,1,299.0,6,1
MCA0963SG75,1,9,299.0,6,1,299.0,6,1,299.0,6,1
MCA0976BE51,2,7,115.9,1,1,179.1,3,1,179.1,3,1
MCA0978BE31,2,7,105.45,1,1,152.1,3,1,152.1,3,1
MCA0978OL51,1,7,152.1,4,1,152.1,4,1,152.1,4,1
MCA0979BE32,3,7,137.97,2,2,131.5,2,1,137.97,2,2
MCA0979NY51,3,7,143.45,4,2,143.45,4,2,143.45,4,2
MCA0996CM51,3,7,112.77,4,1,112.77,4,1,112.77,4,1
MCA0996GN31,1,7,95.0,1,1,95.0,1,1,95.0,1,1
MCA0996NY91,3,7,112.77,3,1,112.77,3,1,112.77,3,1
MCA1004SG91,1,9,219.0,6,1,219.0,6,1,219.0,6,1
MCA1004SN71,1,9,219.0,6,1,219.0,6,1,219.0,6,1
MCA1015BE31,3,7,101.35,3,1,101.35,3,1,101.35,3,1
MCA1015SN71,1,7,152.1,1,1,152.1,1,1,152.1,1,1
MCA1039BE31,2,7,125.37,3,2,125.37,3,1,125.37,3,1
MCA1039NY51,1,7,179.1,3,1,179.1,3,1,179.1,3,1
MCA1039OL31,1,7,179.1,5,1,179.1,5,1,179.1,5,1
MCA1046BK11,2,7,96.9,1,1,134.1,3,1,134.1,3,1
MCA1046OL31,1,7,134.1,4,1,134.1,4,1,134.1,4,1
MCA1057GN51,3,7,90.0,5,1,90.0,5,1,90.0,5,1
MCA1068BK11,1,7,179.1,2,1,179.1,2,1,179.1,2,1
MCA1068SG71,1,7,179.1,1,1,179.1,1,1,179.1,1,1
MCA1069BK11,1,7,251.1,2,1,251.1,2,1,251.1,2,1
MCA1083BK11,1,7,197.1,5,1,197.1,5,1,197.1,5,1
MCA1083BR51,2,7,155.0,5,1,155.0,5,1,155.0,5,1
MCA1090ST31,1,7,251.1,4,1,251.1,4,1,251.1,4,1
MCA1091BE31,1,7,224.1,4,1,224.1,4,1,224.1,4,1
MCA1091BL51,1,7,224.1,3,1,224.1,3,1,224.1,3,1
MCA1091GN51,4,7,151.05,3,2,151.05,2,1,169.95,3,1
MCA1091NY72,3,7,151.05,1,1,169.95,3,1,169.95,3,1
MCA1092OL72,5,7,192.56,3,2,192.56,2,1,225.0,5,2
MCA1093BL51,1,7,161.1,1,1,161.1,1,1,161.1,1,1
MCA1093GN21,1,7,161.1,2,1,161.1,2,1,161.1,2,1
MCA1093OL11,1,7,161.1,2,1,161.1,2,1,161.1,2,1
MCA1094GN51,2,7,149.95,4,1,149.95,4,1,149.95,4,1
MCA1094NY72,4,7,169.95,5,3,169.95,5,2,169.95,5,1
MCA1095BE31,1,7,152.1,2,1,152.1,2,1,152.1,2,1
MCA1095BK11,2,7,119.0,5,1,119.0,5,1,119.0,5,1
MCA1098CR31,1,7,179.1,4,1,179.1,4,1,179.1,4,1
MCA1098NY91,1,7,179.1,2,1,179.1,2,1,179.1,2,1
MCA1098OL72,2,7,154.85,1,1,179.1,2,1,154.85,1,1
MCA1100GN33,1,7,197.1,1,1,197.1,1,1,197.1,1,1
MCA1101BK11,3,7,119.0,4,2,119.0,4,2,119.0,4,2
MCA1101OL52,2,7,109.25,3,1,109.25,3,1,109.25,3,1
MCA1107YE91,1,7,179.1,5,1,179.1,5,1,179.1,5,1
MCA1108ST31,1,7,197.1,5,1,197.1,5,1,197.1,5,1
MCA1118NY72,3,7,114.0,3,1,114.0,3,1,114.0,3,1
MCA1118ST32,2,7,114.0,2,1,114.0,2,1,152.1,5,1
MCA1119NY71,1,7,152.1,5,1,152.1,5,1,152.1,5,1
MCA1130BK11,2,7,119.0,5,1,119.0,5,1,119.0,5,1
MCA1130GY91,1,7,152.1,5,1,152.1,5,1,152.1,5,1
MCA1135CM51,3,7,103.55,1,1,134.1,5,1,134.1,5,1
MCA1135GN51,3,7,95.95,1,1,134.1,5,1,134.1,5,1
MCA1136NY56,2,7,152.1,5,1,152.1,5,1,152.1,5,1
MCA1142BR31,2,7,152.1,5,1,152.1,5,1,152.1,5,1
MCA1142BR51,2,7,152.1,2,1,152.1,2,1,169.0,5,1
MCA1142NY91,2,7,152.1,4,1,152.1,4,1,152.1,4,1
MCA1147NY71,4,7,161.1,5,2,161.1,5,2,161.1,5,2
MCA1147OL71,4,7,161.1,5,1,161.1,5,1,161.1,5,1
MCA1148NY71,2,7,197.1,5,1,197.1,5,1,197.1,5,1
MCA1148SN91,2,7,197.1,1,1,219.0,5,1,219.0,5,1
MCA1149CH71,1,9,169.0,7,1,169.0,7,1,169.0,7,1
MCA1149SG71,1,9,169.0,7,1,169.0,7,1,169.0,7,1
MCA1151BK11,2,7,224.1,5,1,224.1,5,1,224.1,5,1
MCA1151BR91,2,7,224.1,5,1,224.1,5,1,224.1,5,1
MCA1151GY71,2,7,224.1,5,1,224.1,5,1,224.1,5,1
MCA1152BK11,3,7,152.1,5,1,152.1,5,1,152.1,5,1
MCA1153BK11,2,7,224.1,4,1,224.1,4,1,224.1,4,1
MCA1157BK11,2,7,179.1,5,1,179.1,5,1,179.1,5,1
MCA1157OL52,2,7,179.1,5,1,179.1,5,1,179.1,5,1
MFL0079BR51,8,7,66.95,6,3,66.95,6,3,66.95,6,3
MFL0079CH71,4,7,56.05,1,1,69.95,6,1,69.95,6,1
MFL0079NY71,6,7,69.75,6,2,69.75,6,2,69.75,6,2
MFL0079OL71,6,7,69.75,6,2,69.75,6,2,69.75,6,2
MFL0160OL71,6,7,78.26,4,1,78.26,4,1,78.26,4,1
MFL0161OL71,6,7,99.86,3,1,99.86,3,1,99.86,3,1
MFL0186OL54,1,7,80.96,1,1,80.96,1,1,80.96,1,1
MFL0187TN38,2,7,125.1,5,1,125.1,5,1,125.1,5,1
MFL0192NY71,6,7,81.95,5,3,81.95,5,3,81.95,5,3
MFL0192OL72,4,7,73.58,2,1,73.58,2,1,81.0,5,1
MFL0195GN71,5,7,143.1,5,3,143.1,5,3,143.1,5,3
MFL0195NY71,4,7,143.1,3,2,143.1,3,2,159.0,5,2
MFL0208OL51,2,7,39.95,1,1,39.95,1,1,39.95,1,1
MFL0210NY71,2,7,71.95,3,2,71.55,3,1,71.55,3,1
MFL0210OL51,6,7,71.55,3,1,71.55,3,1,71.55,3,1
MFL0211OL51,3,7,89.95,5,1,89.95,5,1,89.95,5,1
MFL0215NY51,1,7,143.1,4,1,143.1,4,1,143.1,4,1
MFL0226BE12,2,7,98.0,5,1,98.0,5,1,98.0,5,1
MGI0024BK11,6,7,85.45,5,1,85.45,5,1,85.45,5,1
MGI0024NY71,5,7,99.95,6,2,99.95,6,2,99.95,6,2
MGI0024OL51,5,7,99.95,5,2,99.95,5,2,99.95,5,2
MGI0055BR11,1,7,99.95,5,1,99.95,5,1,99.95,5,1
MGI0055NY91,3,7,89.95,4,2,89.95,4,1,89.95,4,1
MGI0055OL72,3,7,89.95,5,1,89.95,5,1,89.95,5,1
MGI0055RE81,2,7,89.95,5,1,89.95,5,1,89.95,5,1
MGI0055RE95,3,7,89.95,5,1,89.95,5,1,89.95,5,1
MGI0055SN92,2,7,89.95,2,1,89.95,2,1,99.95,5,1
MGI0056NY91,4,7,96.95,3,2,96.95,3,1,96.95,3,1
MGI0056SG91,2,7,134.1,5,1,134.1,5,1,134.1,5,1
MGI0221BK91,3,7,89.95,5,2,89.95,5,2,89.95,5,2
MGI0221NY71,3,7,94.95,5,2,94.95,5,2,94.95,5,2
MGI0221OL71,2,7,89.95,5,1,89.95,5,1,89.95,5,1
MGI0245BK11,5,6,107.06,2,2,141.55,5,2,141.55,5,2
MGI0245BR91,2,7,134.1,5,1,134.1,5,1,134.1,5,1
MGI0245GN34,2,7,139.95,4,2,139.95,4,1,139.95,4,1
MGI0245GN71,3,6,113.05,4,1,113.05,4,1,113.05,4,1
MGI0245GN72,1,7,134.1,1,1,134.1,1,1,134.1,1,1
MGI0245NY32,1,7,134.1,5,1,134.1,5,1,134.1,5,1
MGI0245NY71,4,6,98.69,1,1,141.55,5,2,141.55,5,2
MGI0245RE91,1,7,149.0,5,1,149.0,5,1,149.0,5,1
MGI0245SN12,1,7,134.1,1,1,134.1,1,1,134.1,1,1
MGI0245SN73,1,7,149.0,5,1,149.0,5,1,149.0,5,1
MGI0245ST34,3,7,98.69,2,1,98.69,2,1,134.1,5,1
MGI0284BE31,1,7,93.87,1,1,93.87,1,1,93.87,1,1
MGI0284NY51,2,7,101.65,1,1,101.65,1,1,101.65,1,1
MGI0295NY72,3,7,79.95,4,2,79.95,4,2,74.97,4,1
MGI0295NY74,2,7,116.1,5,1,116.1,5,1,116.1,5,1
MGI0295OL71,4,7,79.95,4,2,79.95,4,2,79.95,4,2
MGI0296NY91,1,7,119.95,5,1,119.95,5,1,119.95,5,1
MGI0296SG71,2,7,101.66,1,1,119.95,5,1,119.95,5,1
MGI0298NY71,2,7,121.5,2,1,121.5,2,1,121.5,2,1
MGI0300BK11,3,7,107.1,5,2,107.1,5,2,107.1,5,2
MGI0300BR11,1,7,119.0,5,1,119.0,5,1,119.0,5,1
MGI0307BK11,1,7,101.66,3,1,101.66,3,1,101.66,3,1
MGI0307BR51,1,7,152.1,4,1,152.1,4,1,152.1,4,1
MGI0309NY91,2,7,105.0,5,1,105.0,5,1,105.0,5,1
MGI0311BK11,1,7,105.0,5,1,105.0,5,1,105.0,5,1
MGI0314TN52,1,7,152.1,5,1,152.1,5,1,152.1,5,1
MGI0317BR51,4,7,88.95,4,2,88.95,4,2,88.95,4,2
MGI0317NY71,2,7,115.0,5,1,115.0,5,1,115.0,5,1
MGI0318GN91,7,7,74.97,2,1,74.97,2,1,95.0,4,2
MGI0318NY51,5,7,90.25,3,1,90.25,3,1,90.25,3,1
MGI0328NY91,2,7,116.1,5,1,116.1,5,1,116.1,5,1
MGI0328SN31,2,7,116.1,5,1,116.1,5,1,116.1,5,1
MGI0329BE51,1,7,149.0,6,1,149.0,6,1,149.0,6,1
MGI0329NY91,1,7,149.0,6,1,149.0,6,1,149.0,6,1
MGI0333TN14,2,7,152.1,5,1,152.1,5,1,152.1,5,1
MGI0334NY92,5,7,134.1,5,2,134.1,5,2,134.1,5,2
MGI0334OL71,3,7,134.1,5,1,134.1,5,1,134.1,5,1
MGI0335NY92,3,7,152.1,5,2,152.1,5,2,152.1,5,2
MGI0335SG92,2,7,152.1,5,1,152.1,5,1,152.1,5,1
MGI0339NY92,2,7,152.1,5,1,152.1,5,1,152.1,5,1
MGI0339SG92,2,7,152.1,5,1,152.1,5,1,152.1,5,1
MGI0341NY71,2,7,134.1,3,1,134.1,3,1,134.1,3,1
MGI0341SG71,2,7,134.1,5,1,134.1,5,1,134.1,5,1
MKN0339BR17,2,7,89.95,6,1,89.95,6,1,89.95,6,1
MKN0339CH51,4,7,74.95,4,2,71.95,3,1,71.95,3,1
MKN0339GY15,4,7,65.0,6,1,65.0,6,1,65.0,6,1
MKN0339NY35,3,7,79.95,6,1,79.95,6,1,79.95,6,1
MKN0339NY71,3,7,74.95,4,1,74.95,4,1,74.95,4,1
MKN0339OL54,3,7,89.95,6,2,89.95,6,2,89.95,6,2
MKN0339RE53,2,7,89.95,5,1,89.95,5,1,89.95,5,1
MKN0339ST52,3,7,60.0,3,1,60.0,3,1,60.0,3,1
MKN0341BL71,3,7,57.0,1,1,64.76,3,1,64.76,3,1
MKN0341GN71,5,7,50.36,3,1,50.36,3,1,50.36,3,1
MKN0341NY71,5,7,50.36,2,1,50.36,2,1,66.95,3,1
MKN0341ST17,2,7,50.36,2,1,50.36,2,1,50.36,2,1
MKN0584IN72,2,7,80.95,6,1,80.95,6,1,80.95,6,1
MKN0584NY91,2,7,80.95,6,1,80.95,6,1,80.95,6,1
MKN0584OL51,1,7,80.96,1,1,80.96,1,1,80.96,1,1
MKN0584OR51,2,7,80.95,6,1,80.95,6,1,80.95,6,1
MKN0585BE14,3,7,71.95,2,1,71.95,2,1,89.95,5,1
MKN0585GN73,2,7,89.95,5,1,89.95,5,1,89.95,5,1
MKN0585IN72,2,7,89.95,5,1,89.95,5,1,89.95,5,1
MKN0585NY91,2,7,89.95,5,1,89.95,5,1,89.95,5,1
MKN0585ST71,2,7,89.95,5,1,89.95,5,1,89.95,5,1
MKN0790KH71,4,7,88.95,5,2,88.95,5,2,88.95,5,2
MKN0790OL51,2,7,107.1,5,1,107.1,5,1,107.1,5,1
MKN0920BK31,4,7,55.1,1,1,71.95,5,1,71.95,5,1
MKN1213OL51,4,7,143.1,4,1,143.1,4,1,143.1,4,1
MKN1584BL53,2,7,45.0,5,1,45.0,5,1,45.0,5,1
MKN1584YE92,1,7,80.96,1,1,80.96,1,1,80.96,1,1
MLI0001BK91,4,17,71.95,2,1,71.95,2,1,89.95,9,2
MLI0001GN91,4,7,76.5,5,1,76.5,5,1,76.5,5,1
MLI0001GN92,5,10,76.5,7,2,76.5,7,2,76.0,6,1
MLI0001NY91,4,17,76.5,3,1,76.5,3,1,76.5,3,1
MLI0002BK91,5,7,76.5,3,2,71.95,3,1,71.95,3,1
MLI0002BR71,3,7,89.95,7,2,89.95,7,2,89.95,7,2
MLI0002NY91,5,7,47.5,1,1,74.95,4,2,74.95,3,1
MLI0002OL91,4,7,76.0,1,1,92.15,7,2,92.15,7,2
MLI0004BK11,4,7,79.95,4,2,76.5,4,1,76.5,4,1
MLI0004BR31,4,7,76.5,4,1,76.5,4,1,76.5,4,1
MLI0004SG71,4,7,76.5,6,1,76.5,6,1,76.5,6,1
MML0012BK31,4,7,38.5,4,2,38.5,4,2,38.5,3,1
MML0012OL72,2,7,35.0,2,1,35.0,2,1,35.0,2,1
MOL0255BK71,2,7,47.5,3,1,47.5,3,1,47.5,3,1
MOL0255GY51,1,7,80.96,2,1,80.96,2,1,80.96,2,1
MOL0641ST39,1,7,94.95,6,1,94.95,6,1,94.95,6,1
MOL0642GY52,2,7,38.95,1,1,38.95,1,1,38.95,1,1
MOL0661GY33,1,7,70.0,4,1,70.0,4,1,70.0,4,1
MOL0705BK11,2,7,70.0,5,1,70.0,5,1,70.0,5,1
MOL0733BK11,1,7,71.95,6,1,71.95,6,1,71.95,6,1
MOL0733BU77,2,7,58.0,5,1,58.0,5,1,58.0,5,1
MOL0735BE12,1,7,89.95,4,1,89.95,4,1,89.95,4,1
MOL0736BK11,1,7,98.1,3,1,98.1,3,1,98.1,3,1
MOL0736SG72,1,7,98.1,4,1,98.1,4,1,98.1,4,1
MOL0737BU77,1,7,80.95,2,1,80.95,2,1,80.95,2,1
MOL0749BU74,1,7,80.96,6,1,80.96,6,1,80.96,6,1
MOL0750OL31,1,7,80.96,6,1,80.96,6,1,80.96,6,1
MOL0750WH32,1,7,80.96,6,1,80.96,6,1,80.96,6,1
MOL0751BK11,2,7,64.6,4,1,64.6,4,1,64.6,4,1
MOL0752BK11,3,7,45.6,4,1,45.6,4,1,45.6,4,1
MOL0752OL39,2,7,45.6,3,1,45.6,3,1,45.6,3,1
MOL0753BK11,1,7,80.95,6,1,80.95,6,1,80.95,6,1
MOL0755BK11,1,7,89.96,5,1,89.96,5,1,89.96,5,1
MOL0755YE51,1,7,89.95,5,1,89.95,5,1,89.95,5,1
MOL0757BE11,1,7,134.1,5,1,134.1,5,1,134.1,5,1
MOL0758NY91,1,7,89.96,6,1,89.96,6,1,89.96,6,1
MOL0760SN14,2,7,78.0,4,1,78.0,4,1,78.0,4,1
MOL0761GY51,1,7,80.96,6,1,80.96,6,1,80.96,6,1
MOL0762GY13,1,7,89.96,6,1,89.96,6,1,89.96,6,1
MOL0762OL57,1,7,89.96,5,1,89.96,5,1,89.96,5,1
MOS0386BK11,1,7,98.0,6,1,98.0,6,1,98.0,6,1
MOS0389SG71,2,7,98.8,1,1,98.8,1,1,98.8,1,1
MOS0414NY91,1,7,79.95,6,1,79.95,6,1,79.95,6,1
MOS0433NY94,1,7,92.0,5,1,92.0,5,1,92.0,5,1
MOS0451SN31,1,7,125.1,1,1,125.1,1,1,125.1,1,1
MOS0452NY91,1,7,143.1,1,1,143.1,1,1,143.1,1,1
MOS0456BR38,1,7,98.0,5,1,98.0,5,1,98.0,5,1
MOS0457BR94,1,7,98.0,5,1,98.0,5,1,98.0,5,1
MOS0458CH51,2,7,98.0,5,1,98.0,5,1,98.0,5,1
MOS0458SG72,1,7,125.1,2,1,125.1,2,1,125.1,2,1
MOS0459BK11,2,7,85.0,5,1,85.0,5,1,85.0,5,1
MOS0469TN37,1,7,85.0,5,1,85.0,5,1,85.0,5,1
MOS0472BL91,2,7,78.85,3,1,78.85,3,1,78.85,3,1
MOS0473NY91,1,7,125.1,5,1,125.1,5,1,125.1,5,1
MOS0474BK11,2,7,93.1,4,1,93.1,4,1,93.1,4,1
MOS0474WH32,1,7,125.1,6,1,125.1,6,1,125.1,6,1
MOS0475BK11,3,7,90.25,3,1,90.25,3,1,90.25,3,1
MOS0475OR31,1,7,125.1,3,1,125.1,3,1,125.1,3,1
MOS0476OL51,1,7,99.95,5,1,99.95,5,1,99.95,5,1
MQU0001BK91,6,7,90.0,7,1,90.0,7,1,90.0,7,1
MQU0001NY91,5,7,90.0,6,1,90.0,6,1,90.0,6,1
MQU0001OL91,4,7,90.0,3,1,90.0,3,1,90.0,3,1
MQU0006BK11,6,7,112.5,7,3,112.5,7,3,112.5,7,3
MQU0006NY51,6,7,119.0,6,2,119.0,6,2,119.0,6,2
MQU0006OL51,5,7,113.05,6,3,113.05,6,3,113.05,6,3
MQU0007BE14,1,7,107.28,1,1,107.28,1,1,107.28,1,1
MQU0007BK91,5,7,91.2,3,1,91.2,3,1,91.2,3,1
MQU0007NY92,4,7,111.15,5,2,107.28,5,1,107.28,5,1
MQU0007OL52,4,7,107.28,5,1,107.28,5,1,107.28,5,1
MQU0240BK11,6,6,90.0,6,1,90.0,6,1,90.0,6,1
MQU0240CH72,3,7,113.05,1,1,134.1,7,1,134.1,7,1
MQU0240NY92,5,6,90.0,4,1,90.0,4,1,90.0,4,1
MQU0240OL71,5,6,94.95,7,2,94.95,7,2,94.95,7,2
MQU0281BK11,9,7,148.95,6,3,148.95,6,3,148.95,6,3
MQU0281GN72,4,7,151.05,4,1,151.05,4,1,151.05,4,1
MQU0281NY71,6,7,148.95,5,2,148.95,5,2,148.95,5,1
MQU0281OL51,5,7,149.0,6,2,149.0,6,2,149.0,6,1
MQU0365BK91,2,7,161.1,6,1,161.1,6,1,161.1,6,1
MQU0365NY91,1,7,161.1,1,1,161.1,1,1,161.1,1,1
MQU0365OL71,2,7,161.1,6,1,161.1,6,1,161.1,6,1
MQU0508BK11,5,7,152.24,4,3,152.24,3,1,152.24,3,1
MQU0508NY71,3,7,152.24,1,1,179.1,6,1,179.1,6,1
MQU0508OL51,4,7,125.0,1,1,152.24,3,1,152.24,3,1
MQU0559NY91,1,7,179.1,3,1,179.1,3,1,179.1,3,1
MQU0784BE31,2,7,161.1,6,1,161.1,6,1,161.1,6,1
MQU0784NY91,5,7,136.94,5,2,136.94,5,2,136.94,5,2
MQU0784OL73,6,7,136.94,4,3,136.94,4,3,149.95,6,2
MQU1326BK11,3,7,189.05,4,2,189.05,4,2,189.05,4,2
MQU1326GN91,3,7,189.05,4,2,189.05,4,2,189.05,4,2
MQU1585NY91,6,7,167.53,5,3,167.53,5,3,167.53,5,3
MQU1585OL91,4,7,167.53,4,2,167.53,4,2,197.1,4,1
MQU1585SN52,2,7,197.1,5,1,197.1,5,1,197.1,5,1
MQU1590BK91,1,7,159.0,6,1,159.0,6,1,159.0,6,1
MQU1591BK91,2,7,161.1,6,1,161.1,6,1,161.1,6,1
MQU1686NY92,4,7,132.25,6,2,125.0,6,1,125.0,6,1
MQU1715BR39,2,7,161.1,5,1,161.1,5,1,161.1,5,1
MQU1715GN71,2,7,161.1,5,1,161.1,5,1,161.1,5,1
MQU1715NY51,4,7,118.0,4,2,118.0,4,2,112.77,3,1
MQU1715ST34,1,7,112.77,4,1,112.77,4,1,112.77,4,1
MQU1722NY92,2,7,119.65,2,1,119.65,2,1,119.65,2,1
MQU1794BK91,2,7,134.1,3,1,134.1,3,1,134.1,3,1
MQU1794BR93,1,9,149.0,7,1,149.0,7,1,149.0,7,1
MQU1794GY73,1,9,149.0,7,1,149.0,7,1,149.0,7,1
MQU1794OL71,2,9,134.1,3,1,134.1,3,1,134.1,3,1
MQU1795BK91,2,9,224.1,3,1,224.1,3,1,224.1,3,1
MQU1795OL71,2,9,224.1,2,1,224.1,2,1,249.0,7,1
MQU1796BK91,1,9,199.0,7,1,199.0,7,1,199.0,7,1
MQU1796BR51,1,9,199.0,7,1,199.0,7,1,199.0,7,1
MQU1802BK91,1,9,219.0,7,1,219.0,7,1,219.0,7,1
MQU1802BR51,1,9,219.0,7,1,219.0,7,1,219.0,7,1
MQU1802OL71,2,9,197.1,6,1,197.1,6,1,197.1,6,1
MQU1805CH51,2,7,154.85,1,1,154.85,1,1,154.85,1,1
MQU1805NY92,2,7,162.45,1,1,162.45,1,1,162.45,1,1
MQU1808GN71,3,7,128.66,2,1,128.66,2,1,161.1,5,1
MQU1808NY51,2,7,161.1,4,1,161.1,4,1,161.1,4,1
MQU1814NY71,3,7,136.94,5,3,136.94,5,3,136.94,5,3
MQU1814OL51,3,7,129.95,4,2,129.95,4,2,129.95,4,2
MQU1822BK11,1,7,269.1,1,1,269.1,1,1,269.1,1,1
MQU1824SG71,1,7,179.1,3,1,179.1,3,1,179.1,3,1
MQU1828BK11,3,7,160.55,5,2,160.55,5,2,160.55,5,2
MQU1828BR11,2,7,105.45,1,1,105.45,1,1,105.45,1,1
MQU1828ST11,2,7,152.1,5,1,152.1,5,1,152.1,5,1
MQU1829NY71,1,7,157.5,4,1,157.5,4,1,157.5,4,1
MQU1857BK11,2,7,165.0,4,1,165.0,4,1,165.0,4,1
MQU1857SN71,1,7,206.1,2,1,206.1,2,1,206.1,2,1
MQU1859BR92,1,7,155.0,5,1,155.0,5,1,155.0,5,1
MQU1859NY71,1,7,197.1,1,1,197.1,1,1,197.1,1,1
MQU1860NY71,1,7,206.1,5,1,206.1,5,1,206.1,5,1
MQU1861NY71,2,7,202.5,2,1,202.5,2,1,202.5,2,1
MQU1862NY91,2,7,199.95,5,2,199.95,5,2,199.95,5,2
MQU1862SG71,3,7,156.56,1,1,199.95,5,1,199.95,5,1
MQU1864NY71,1,7,161.1,2,1,161.1,2,1,161.1,2,1
MQU1866BK11,1,9,179.0,7,1,179.0,7,1,179.0,7,1
MQU1866OL52,1,9,179.0,7,1,179.0,7,1,179.0,7,1
MQU1866ST32,1,9,179.0,7,1,179.0,7,1,179.0,7,1
MQU1868TN14,2,9,161.1,5,1,161.1,5,1,161.1,5,1
MQU1869TN14,1,9,219.0,7,1,219.0,7,1,219.0,7,1
MQU1872BK11,4,7,94.5,5,1,94.5,5,1,94.5,5,1
MQU1872BR11,1,7,134.1,2,1,134.1,2,1,134.1,2,1
MQU1873BK11,4,7,165.3,5,2,157.5,5,1,157.5,5,1
MQU1873RE91,1,7,224.1,2,1,224.1,2,1,224.1,2,1
MQU1874BK11,1,7,103.5,5,1,103.5,5,1,103.5,5,1
MQU1875SG91,2,7,118.75,3,1,118.75,3,1,118.75,3,1
MQU1878OL72,4,7,157.45,1,1,197.1,5,1,197.1,5,1
MQU1884BK11,2,7,95.0,2,1,95.0,2,1,95.0,2,1
MQU1885NY91,2,7,100.0,4,1,100.0,4,1,100.0,4,1
MQU1886BK11,2,7,129.0,5,1,129.0,5,1,129.0,5,1
MQU1888BK11,3,7,163.4,1,1,189.0,4,1,189.0,4,1
MQU1892GN91,5,7,91.2,3,1,91.2,3,1,91.2,3,1
MQU1892NY51,3,7,143.1,5,2,143.1,5,2,143.1,5,2
MQU1893NY71,1,7,179.1,3,1,179.1,3,1,179.1,3,1
MQU1893ST32,1,7,179.1,4,1,179.1,4,1,179.1,4,1
MQU1895NY71,2,7,125.37,3,1,125.37,3,1,125.37,3,1
MQU1895OL32,2,7,125.37,3,1,125.37,3,1,125.37,3,1
MQU1901NY91,2,7,179.1,5,1,179.1,5,1,179.1,5,1
MQU1901SN31,2,7,179.1,5,1,179.1,5,1,179.1,5,1
MQU1903BE51,1,7,229.0,6,1,229.0,6,1,229.0,6,1
MQU1903NY91,1,7,229.0,6,1,229.0,6,1,229.0,6,1
MQU1909TN14,3,7,179.1,5,2,179.1,5,2,179.1,5,2
MQU1911OL71,3,7,152.1,5,2,152.1,5,1,152.1,5,1
MQU1911RE92,2,7,152.1,4,1,152.1,4,1,152.1,4,1
MQU1912NY92,5,7,215.1,5,2,215.1,5,2,215.1,5,2
MQU1912OL71,2,7,215.1,5,1,215.1,5,1,215.1,5,1
MQU1914BK91,1,9,249.0,7,1,249.0,7,1,249.0,7,1
MQU1914OL71,1,9,249.0,7,1,249.0,7,1,249.0,7,1
MQU1915BK11,1,9,219.0,7,1,219.0,7,1,219.0,7,1
MQU1915NY91,1,9,219.0,7,1,219.0,7,1,219.0,7,1
MQU1915RE92,1,9,219.0,7,1,219.0,7,1,219.0,7,1
MQU1915SG51,1,9,219.0,7,1,219.0,7,1,219.0,7,1
MQU1916TN11,1,9,229.0,7,1,229.0,7,1,229.0,7,1
MQU1917BK11,3,7,125.1,6,1,125.1,6,1,125.1,6,1
MQU1917CH92,2,7,179.1,5,1,179.1,5,1,179.1,5,1
MQU1918BK11,2,7,179.1,5,1,179.1,5,1,179.1,5,1
MQU1919NY92,3,7,152.1,5,2,152.1,5,2,152.1,5,2
MQU1919SG92,2,7,152.1,5,1,152.1,5,1,152.1,5,1
MQU1919SN52,2,7,152.1,5,1,152.1,5,1,152.1,5,1
MQU1921NY92,2,7,224.1,5,1,224.1,5,1,224.1,5,1
MQU1921SG92,2,7,224.1,5,1,224.1,5,1,224.1,5,1
MQU1926NY71,2,7,179.1,5,1,179.1,5,1,179.1,5,1
MQU1928BR72,2,7,152.1,4,1,152.1,4,1,152.1,4,1
MQU1928NY71,3,7,152.1,5,1,152.1,5,1,152.1,5,1
MSH4982TN21,1,7,59.95,4,1,59.95,4,1,59.95,4,1
MSH4994TN11,3,7,56.0,4,1,56.0,4,1,56.0,4,1
MSH5014TN11,3,7,50.36,2,1,50.36,2,1,71.95,5,1
MSH5325NY91,1,7,72.0,4,1,72.0,4,1,72.0,4,1
MSH5701BK31,1,7,65.0,4,1,65.0,4,1,65.0,4,1
MSH5768IN11,1,7,116.1,5,1,116.1,5,1,116.1,5,1
MSP0096OL55,2,7,149.95,3,1,149.95,3,1,149.95,3,1
MSP0096ST71,1,7,179.1,1,1,179.1,1,1,179.1,1,1
MSP0114GN93,1,7,143.1,3,1,143.1,3,1,143.1,3,1
MSP0114OR71,1,7,143.1,3,1,143.1,3,1,143.1,3,1
MSP0114RE91,1,7,143.1,1,1,143.1,1,1,143.1,1,1
MSP0132NY91,1,7,152.1,3,1,152.1,3,1,152.1,3,1
MSP0132OL39,3,7,92.15,1,1,106.47,2,1,152.1,3,1
MSP0136NY71,1,4,101.66,1,1,101.66,1,1,101.66,1,1
MSP0145BE32,1,7,161.1,3,1,161.1,3,1,161.1,3,1
MSP0145BK11,3,7,120.65,1,1,145.0,5,1,145.0,5,1
MSP0145NY71,1,7,161.1,1,1,161.1,1,1,161.1,1,1
MSP0147BK11,1,7,197.1,3,1,197.1,3,1,197.1,3,1
MSP0147OL52,1,7,197.1,3,1,197.1,3,1,197.1,3,1
MSP0150BL71,3,7,80.0,5,1,80.0,5,1,80.0,5,1
MSP0154OL55,1,7,206.1,1,1,206.1,1,1,206.1,1,1
MSP0166BK11,2,7,165.0,3,1,165.0,3,1,165.0,3,1
MSP0166RE72,2,7,154.85,1,1,197.1,4,1,197.1,4,1
MSP0167NY91,1,7,179.1,3,1,179.1,3,1,179.1,3,1
MSP0167OL72,2,7,125.37,3,1,125.37,3,1,125.37,3,1
MSP0169BK11,2,7,95.0,1,1,152.1,4,1,152.1,4,1
MSP0169SG51,1,7,152.1,5,1,152.1,5,1,152.1,5,1
MSP0172NY71,2,7,120.65,2,1,120.65,2,1,120.65,2,1
MSP0172OL39,2,7,109.25,1,1,152.1,3,1,152.1,3,1
MSP0172ST31,1,7,152.1,4,1,152.1,4,1,152.1,4,1
MSP0173BL11,1,7,152.1,5,1,152.1,5,1,152.1,5,1
MSP0181GY72,1,7,179.1,5,1,179.1,5,1,179.1,5,1
MSP0181OL32,1,7,179.1,2,1,179.1,2,1,179.1,2,1
MSP0185BR31,2,7,107.95,1,1,161.1,5,1,161.1,5,1
MSP0185NY71,1,7,161.1,2,1,161.1,2,1,161.1,2,1
MSP0186OL39,1,7,134.1,3,1,134.1,3,1,134.1,3,1
MSP0187NY71,1,7,152.1,3,1,152.1,3,1,152.1,3,1
MSP0187ST71,1,7,152.1,5,1,152.1,5,1,152.1,5,1
MSP0188ST71,1,7,161.1,5,1,161.1,5,1,161.1,5,1
MSP0189NY71,1,7,179.1,4,1,179.1,4,1,179.1,4,1
MSP0189OL39,1,7,179.1,4,1,179.1,4,1,179.1,4,1
MSP0189ST71,2,7,139.0,5,1,139.0,5,1,139.0,5,1
MSP0192NY52,2,7,152.1,5,1,152.1,5,1,152.1,5,1
MSP0192ST31,2,7,152.1,5,1,152.1,5,1,152.1,5,1
MWB0541BE71,1,7,152.1,1,1,152.1,1,1,152.1,1,1
MWB0541NY71,4,7,106.47,1,1,152.1,2,1,106.47,1,1
MWB0835BE53,2,7,179.1,5,1,179.1,5,1,179.1,5,1
MWB0835SG71,2,7,179.1,5,1,179.1,5,1,179.1,5,1
MWB0856ST72,1,7,179.1,2,1,179.1,2,1,179.1,2,1
MWB0939NY52,2,7,109.25,1,1,134.1,4,1,134.1,4,1
MWB0939OL32,1,7,134.1,3,1,134.1,3,1,134.1,3,1
MWB0939ST71,1,7,134.1,3,1,134.1,3,1,134.1,3,1
MWB1001NY51,4,7,269.1,5,2,269.1,5,2,269.1,5,2
MWB1001SG51,4,7,227.05,1,1,269.1,4,1,269.1,4,1
MWB1001SN91,1,7,299.0,5,1,299.0,5,1,299.0,5,1
MWB1003SG71,2,7,161.1,4,1,161.1,4,1,161.1,4,1
MWB1003SN91,4,7,161.1,5,2,161.1,5,2,161.1,5,2
MWB1086NY71,4,7,169.47,2,1,169.47,2,1,242.1,5,1
MWB1086OL91,3,7,242.1,5,1,242.1,5,1,242.1,5,1
MWB1106NY72,1,7,197.1,3,1,197.1,3,1,197.1,3,1
MWB1106ST71,2,7,149.95,1,1,149.95,1,1,149.95,1,1
MWB1121NY71,4,7,224.1,5,2,224.1,5,2,224.1,5,2
MWB1121OL51,2,7,139.95,1,1,139.95,1,1,139.95,1,1
MWB1121OL92,3,7,224.1,5,1,224.1,5,1,224.1,5,1
MWB1130NY72,2,7,88.35,1,1,152.1,2,1,88.35,1,1
MWB1130ST72,1,7,152.1,3,1,152.1,3,1,152.1,3,1
MWB1132BR51,1,7,170.1,4,1,170.1,4,1,170.1,4,1
MWB1132OL53,3,7,134.9,3,1,134.9,3,1,134.9,3,1
MWB1140BK11,2,7,189.0,5,2,189.0,5,2,189.0,5,1
MWB1141NY71,3,7,215.06,4,2,219.95,5,2,219.95,5,2
MWB1141OL91,4,7,249.95,5,2,249.95,5,2,249.95,5,2
MWB1141SN91,2,7,269.1,5,1,269.1,5,1,269.1,5,1
MWB1143OL91,1,7,199.95,5,1,199.95,5,1,199.95,5,1
MWB1144NY71,2,7,206.1,4,1,206.1,4,1,206.1,4,1
MWB1144SG71,2,7,206.1,5,1,206.1,5,1,206.1,5,1
MWB1145BE52,2,7,224.1,5,1,224.1,5,1,224.1,5,1
MWB1145NY71,3,7,224.1,3,1,224.1,3,1,224.1,3,1
MWB1145SG71,3,7,224.1,5,1,224.1,5,1,224.1,5,1
MWB1145ST71,1,7,249.0,5,1,249.0,5,1,249.0,5,1
MWB1146NY91,1,7,251.1,1,1,251.1,1,1,251.1,1,1
MWB1147BK11,3,7,189.0,5,1,189.0,5,1,189.0,5,1
MWB1153SG52,1,7,197.1,3,1,197.1,3,1,197.1,3,1
MWB1154BE31,2,7,175.0,5,1,175.0,5,1,175.0,5,1
MWB1154BK11,1,7,224.1,2,1,224.1,2,1,224.1,2,1
MWB1155BR51,3,7,136.95,2,1,136.95,2,1,164.66,3,1
MWB1155NY71,2,7,138.7,2,1,138.7,2,1,206.1,4,1
MWB1156ST31,2,7,130.15,1,1,206.1,5,1,206.1,5,1
MWB1158NY71,1,7,197.1,1,1,197.1,1,1,197.1,1,1
MWB1163NY71,2,7,206.1,5,1,206.1,5,1,206.1,5,1
MWB1163SN51,2,7,206.1,5,1,206.1,5,1,206.1,5,1
MWB1164NY71,2,7,251.1,5,1,251.1,5,1,251.1,5,1
MWB1164SN51,2,7,251.1,5,1,251.1,5,1,251.1,5,1
MWB1169OL51,4,7,179.1,5,1,179.1,5,1,179.1,5,1
MWB1169SN91,2,7,179.1,5,1,179.1,5,1,179.1,5,1
MWB1170NY71,4,7,242.1,5,2,242.1,5,2,242.1,5,2
MWB1170OL71,4,7,242.1,5,1,242.1,5,1,242.1,5,1
MWX0002OL71,7,9,287.1,8,3,287.1,8,3,287.1,8,3
MWX0004BK31,2,9,269.1,9,1,269.1,9,1,269.1,9,1
MWX0004BK51,3,9,131.1,2,1,131.1,2,1,269.1,9,1
MWX0004BR72,2,9,269.1,3,1,269.1,3,1,269.1,3,1
MWX0004GN71,2,9,269.1,8,1,269.1,8,1,269.1,8,1
MWX0004GY71,2,9,269.1,9,1,269.1,9,1,269.1,9,1
MWX0007BK91,2,5,269.1,1,1,269.1,1,1,269.1,1,1
MWX0007OL71,5,5,287.06,1,1,359.1,6,1,359.1,6,1
MWX0008NY91,5,9,233.1,7,3,233.1,7,3,233.1,7,3
MWX0010OL71,7,11,269.1,9,3,269.1,9,3,269.1,9,3
MWX0011SG31,3,9,193.45,7,1,193.45,7,1,193.45,7,1
MWX0017BE51,4,9,287.1,8,3,287.1,8,2,287.1,8,2
MWX0017BK91,5,9,287.1,8,3,287.1,8,3,287.1,8,3
MWX0017NY91,7,9,287.1,8,2,287.1,8,2,287.1,8,2
MWX0017OL99,2,9,287.1,8,1,287.1,8,1,287.1,8,1
MWX0017RU52,4,9,287.1,8,2,287.1,8,2,287.1,8,2
MWX0017SG91,6,9,287.1,8,2,287.1,8,2,287.1,8,2
MWX0018BE51,3,11,269.1,9,2,269.1,9,2,269.1,9,2
MWX0018BK91,5,11,269.1,9,3,269.1,9,3,269.1,9,2
MWX0018NY91,4,11,269.1,7,2,269.1,7,2,269.1,7,2
MWX0018RU52,6,11,219.95,2,1,219.95,2,1,269.1,8,2
MWX0018SG91,5,11,269.1,9,2,269.1,9,2,269.1,9,2
MWX0020BK71,5,7,215.1,1,1,284.05,5,2,269.1,5,1
MWX0020OL71,5,7,215.1,4,2,215.1,4,2,215.1,3,1
MWX0068BK91,3,7,287.1,4,1,287.1,4,1,287.1,4,1
MWX0086NY92,4,7,206.1,3,2,206.1,3,2,251.1,4,1
MWX0086OL71,3,7,222.95,1,1,251.1,5,1,251.1,5,1
MWX0337BK91,2,7,242.1,5,1,242.1,5,1,242.1,5,1
MWX0337BR31,2,7,242.1,6,1,242.1,6,1,242.1,6,1
MWX0337NY91,2,7,242.1,5,1,242.1,5,1,242.1,5,1
MWX0337SG91,2,7,242.1,4,1,242.1,4,1,242.1,4,1
MWX0339BK72,5,7,255.55,6,3,255.55,6,3,255.55,6,3
MWX0339NY92,5,7,255.55,7,3,255.55,7,3,255.55,7,3
MWX0339OL71,6,7,255.55,7,3,255.55,7,3,255.55,7,3
MWX0339RU91,5,7,255.55,7,3,242.1,7,2,242.1,7,2
MWX0340BK72,5,7,224.1,6,2,224.1,6,2,224.1,6,2
MWX0340NY93,4,7,224.1,3,1,224.1,3,1,224.1,3,1
MWX0340OL71,6,7,224.1,5,2,209.0,4,1,209.0,4,1
MWX0340RU91,4,7,238.95,5,2,238.95,5,2,238.95,5,2
MWX0340RU94,3,7,209.0,3,1,209.0,3,1,209.0,3,1
MWX0340SN91,5,7,224.1,3,1,224.1,3,1,224.1,3,1
MWX0465OL71,3,7,265.05,5,2,265.05,5,2,265.05,5,2
MWX0465SN31,3,7,265.05,4,2,265.05,4,2,265.05,4,2
MWX0566OL51,6,7,200.66,3,2,200.66,3,1,200.66,3,1
MWX0700NY51,4,5,251.1,5,2,251.1,5,2,251.1,5,2
MWX0700OL51,4,5,251.1,4,1,251.1,4,1,251.1,4,1
MWX0700RU71,4,5,251.1,3,1,251.1,3,1,251.1,3,1
MWX0723OL71,6,7,163.95,6,3,163.95,5,2,161.1,5,1
MWX0726OL71,5,7,188.1,2,2,224.1,5,1,224.1,5,1
MWX0726RU91,5,7,198.95,5,2,198.95,5,2,198.95,5,1
MWX1106NY92,2,7,224.1,5,1,224.1,5,1,224.1,5,1
MWX1106SG51,2,7,224.1,5,1,224.1,5,1,224.1,5,1
MWX1212BK71,2,7,251.1,5,1,251.1,5,1,251.1,5,1
MWX1212NY92,2,7,251.1,5,1,251.1,5,1,251.1,5,1
MWX1212OL51,2,7,251.1,4,1,251.1,4,1,251.1,4,1
MWX1212SG51,2,7,251.1,3,1,251.1,3,1,251.1,3,1
MWX1212SN31,1,7,279.0,5,1,279.0,5,1,279.0,5,1
MWX1213NY92,5,7,206.1,6,3,206.1,6,3,206.1,6,3
MWX1213OL71,4,7,214.95,6,2,214.95,6,1,214.95,6,1
MWX1213RU91,4,7,206.1,1,1,242.1,6,2,242.1,6,2
MWX1350NY51,1,7,179.1,4,1,179.1,4,1,179.1,4,1
MWX1350OL51,1,7,179.1,1,1,179.1,1,1,179.1,1,1
MWX1350OL52,1,7,179.1,3,1,179.1,3,1,179.1,3,1
MWX1377OL51,1,7,224.1,3,1,224.1,3,1,224.1,3,1
MWX1377OL52,1,7,141.55,1,1,141.55,1,1,141.55,1,1
MWX1678BK91,2,9,242.1,6,1,242.1,6,1,242.1,6,1
MWX1678BR91,2,9,242.1,4,1,242.1,4,1,242.1,4,1
MWX1678GY93,2,9,242.1,7,1,242.1,7,1,242.1,7,1
MWX1678NY91,2,9,242.1,1,1,269.0,7,1,269.0,7,1
MWX1678OL51,2,9,242.1,7,1,242.1,7,1,242.1,7,1
MWX1678RE72,2,9,242.1,7,1,242.1,7,1,242.1,7,1
MWX1678SG91,2,9,242.1,7,1,242.1,7,1,242.1,7,1
MWX1678SN31,2,9,242.1,7,1,242.1,7,1,242.1,7,1
MWX1679BK91,1,9,299.0,7,1,299.0,7,1,299.0,7,1
MWX1679BL56,1,9,299.0,7,1,299.0,7,1,299.0,7,1
MWX1679GY93,1,9,299.0,7,1,299.0,7,1,299.0,7,1
MWX1679RE91,1,9,299.0,7,1,299.0,7,1,299.0,7,1
MWX1679SG91,1,9,299.0,7,1,299.0,7,1,299.0,7,1
MWX1853SG91,3,7,284.05,5,2,284.05,5,2,269.1,5,1
MWX2140BK11,2,7,251.1,6,1,251.1,6,1,251.1,6,1
MWX2140BR91,1,7,279.0,6,1,279.0,6,1,279.0,6,1
MWX2140NY91,2,7,251.1,6,1,251.1,6,1,251.1,6,1
MWX2140RU52,2,7,251.1,6,1,251.1,6,1,251.1,6,1
MWX2140SG91,2,7,251.1,6,1,251.1,6,1,251.1,6,1
MWX2205BR71,2,7,206.1,5,1,206.1,5,1,206.1,5,1
MWX2205NY92,2,7,206.1,5,1,206.1,5,1,206.1,5,1
MWX2205OL52,3,7,186.95,1,1,206.1,5,1,206.1,5,1
MWX2205OL71,2,7,206.1,4,1,206.1,4,1,206.1,4,1
MWX2237BK11,1,7,314.1,4,1,314.1,4,1,314.1,4,1
MWX2237NY51,1,7,314.1,5,1,314.1,5,1,314.1,5,1
MWX2237OL52,1,7,314.1,3,1,314.1,3,1,314.1,3,1
MWX2370BK71,1,7,263.2,3,1,263.2,3,1,263.2,3,1
MWX2379BK71,1,9,182.4,1,1,182.4,1,1,182.4,1,1
MWX2379GY93,1,9,223.2,4,1,223.2,4,1,223.2,4,1
MWX2384BK71,1,7,172.9,2,1,172.9,2,1,172.9,2,1
MWX2447NY52,1,7,251.1,5,1,251.1,5,1,251.1,5,1
MWX2447OL52,1,7,251.1,4,1,251.1,4,1,251.1,4,1
MWX2455SN31,1,7,251.1,3,1,251.1,3,1,251.1,3,1
MWX2458OL71,2,7,224.1,1,1,249.0,4,1,249.0,4,1
MWX2490NY51,5,7,188.37,2,1,188.37,2,1,269.1,5,2
MWX2490OL51,2,7,188.37,3,1,188.37,3,1,188.37,3,1
MWX2490OL53,3,7,269.1,5,1,269.1,5,1,269.1,5,1
MWX2492OL71,2,7,206.1,4,1,206.1,4,1,206.1,4,1
MWX2492SG51,2,7,206.1,4,1,206.1,4,1,206.1,4,1
MWX2494OL71,4,7,229.68,4,2,229.68,4,1,229.68,4,1
MWX2495SG51,1,9,269.0,7,1,269.0,7,1,269.0,7,1
MWX2496BK91,1,9,269.0,7,1,269.0,7,1,269.0,7,1
MWX2496SG91,1,9,269.0,7,1,269.0,7,1,269.0,7,1
MWX2497BK11,2,9,269.1,5,1,269.1,5,1,269.1,5,1
MWX2497SG91,2,9,269.1,6,1,269.1,6,1,269.1,6,1
MWX2499BK71,1,9,279.0,7,1,279.0,7,1,279.0,7,1
MWX2499OL71,1,9,279.0,7,1,279.0,7,1,279.0,7,1
MWX2499SG51,1,9,279.0,7,1,279.0,7,1,279.0,7,1
MWX2501BK71,1,7,251.1,3,1,251.1,3,1,251.1,3,1
MWX2508BK71,1,7,287.1,3,1,287.1,3,1,287.1,3,1
MWX2524BK71,1,7,269.1,4,1,269.1,4,1,269.1,4,1
MWX2526NY92,1,7,215.1,2,1,215.1,2,1,215.1,2,1
MWX2526OL99,1,7,215.1,4,1,215.1,4,1,215.1,4,1
MWX2527OL99,2,7,185.0,5,1,185.0,5,1,185.0,5,1
MWX2533NY51,1,7,224.1,4,1,224.1,4,1,224.1,4,1
MWX2533OL52,3,7,141.55,3,1,141.55,3,1,141.55,3,1
MWX2536GY71,1,7,260.1,4,1,260.1,4,1,260.1,4,1
MWX2536OL99,2,7,205.0,5,1,205.0,5,1,205.0,5,1
MWX2539BK71,2,7,209.0,5,1,209.0,5,1,209.0,5,1
MWX2540OL52,4,7,169.47,3,3,169.47,3,2,169.47,3,3
MWX2546OL75,1,7,269.1,5,1,269.1,5,1,269.1,5,1
MWX2569BR91,1,9,279.0,7,1,279.0,7,1,279.0,7,1
MWX2569NY92,1,9,279.0,7,1,279.0,7,1,279.0,7,1
MWX2579BR71,2,7,206.1,5,1,206.1,5,1,206.1,5,1
MWX2579NY92,2,7,206.1,5,1,206.1,5,1,206.1,5,1
MWX2584NY92,2,7,251.1,4,1,251.1,4,1,251.1,4,1
MWX2584SG51,2,7,251.1,5,1,251.1,5,1,251.1,5,1
MWX2584SN91,2,7,251.1,2,1,251.1,2,1,279.0,5,1
MWX2585SG51,3,7,269.1,5,2,269.1,5,2,269.1,5,2
MWX2588SG51,3,7,269.1,5,2,269.1,5,2,269.1,5,2
MWX2590RU91,3,9,251.1,5,1,251.1,5,1,251.1,5,1
MWX2592BK11,1,9,299.0,7,1,299.0,7,1,299.0,7,1
MWX2592SG71,1,9,299.0,7,1,299.0,7,1,299.0,7,1
MWX2595BR91,1,9,299.0,7,1,299.0,7,1,299.0,7,1
MWX2595SG51,1,9,299.0,7,1,299.0,7,1,299.0,7,1
MWX2596OL71,1,9,299.0,7,1,299.0,7,1,299.0,7,1
MWX2597OL71,1,9,299.0,7,1,299.0,7,1,299.0,7,1
MWX2604BK71,2,7,242.1,5,1,242.1,5,1,242.1,5,1
MWX2615BR71,2,7,242.1,5,1,242.1,5,1,242.1,5,1
MWX2615NY92,2,7,242.1,5,1,242.1,5,1,242.1,5,1
MWX2616BR71,4,7,269.1,5,2,269.1,5,2,269.1,5,2
MWX2616NY92,3,7,269.1,5,1,269.1,5,1,269.1,5,1
