code,old_price,new_price,old_instock_sizes,new_instock_sizes,price_delta,stock_delta
LCA0362WH11,96.26,96.26,3,3,0.0,0
LCA0363CR51,122.55,122.55,2,2,0.0,0
LCA0365BE31,215.1,215.1,1,1,0.0,0
LCA0371BR31,149.95,149.95,4,4,0.0,0
LCA0374BK11,161.1,161.1,3,3,0.0,0
LCA0374ST31,161.1,161.1,4,4,0.0,0
LCA0378BE31,179.1,179.1,1,1,0.0,0
LCA0378OL71,143.1,143.1,2,2,0.0,0
LCA0379PU31,179.1,179.1,3,3,0.0,0
LCA0381NY91,170.1,170.1,1,1,0.0,0
LCA0381ST11,123.5,123.5,3,3,0.0,0
LCA0384GN31,152.1,152.1,6,6,0.0,0
LCA0384WH11,152.1,152.1,6,6,0.0,0
LCA0385NY91,132.05,132.05,3,3,0.0,0
LCA0385SN11,112.1,112.1,2,2,0.0,0
LCA0386WH11,179.1,179.1,5,5,0.0,0
LCA0387IN71,179.1,179.1,3,3,0.0,0
LCA0392BE11,159.95,159.95,4,4,0.0,0
LCA0392GN31,159.95,159.95,5,5,0.0,0
LCA0392GY52,159.95,159.95,5,5,0.0,0
LCA0394IN71,185.0,185.0,5,5,0.0,0
LCA0395GY51,239.95,239.95,5,5,0.0,0
LCA0396GN31,215.0,215.0,6,6,0.0,0
LCA0403ST32,224.1,224.1,2,2,0.0,0
LCA0404OL32,163.4,163.4,4,4,0.0,0
LCA0405OL32,199.95,199.95,6,6,0.0,0
LCA0406IN71,152.95,152.95,4,4,0.0,0
LCA0407BL71,190.0,190.0,3,3,0.0,0
LCA0412BK91,161.1,161.1,6,6,0.0,0
LCA0412CR31,161.1,161.1,6,6,0.0,0
LCA0412PI11,161.1,161.1,6,6,0.0,0
LCA0413BK91,197.1,197.1,6,6,0.0,0
LCA0413CR31,197.1,197.1,6,6,0.0,0
LCA0414BK11,179.1,179.1,6,6,0.0,0
LCA0414BR31,179.1,179.1,5,5,0.0,0
LCA0415BK11,229.0,229.0,7,7,0.0,0
LCA0415ST11,229.0,229.0,7,7,0.0,0
LCA0416BK11,199.0,199.0,7,7,0.0,0
LCA0416SN71,199.0,199.0,7,7,0.0,0
LCA0420SN71,179.0,179.0,8,8,0.0,0
LCA0421BR91,179.0,179.0,6,6,0.0,0
LCA0422OL51,161.1,161.1,5,5,0.0,0
LCA0422ST31,161.1,161.1,5,5,0.0,0
LCA0423BR31,161.1,161.1,6,6,0.0,0
LCA0424BR51,179.1,179.1,7,7,0.0,0
LCA0424OL71,179.1,179.1,6,6,0.0,0
LCA0426IN51,206.1,206.1,6,6,0.0,0
LCA0427CR11,161.1,161.1,6,6,0.0,0
LCA0427OL51,161.1,161.1,6,6,0.0,0
LCA0428BR92,149.0,149.0,6,6,0.0,0
LCA0428CR11,149.0,149.0,6,6,0.0,0
LCA0430SG71,199.0,199.0,7,7,0.0,0
LCA0430SN71,199.0,199.0,7,7,0.0,0
LCA0431BK11,269.0,269.0,8,8,0.0,0
LCA0431ST31,269.0,269.0,8,8,0.0,0
LFL0055CR11,60.71,79.95,1,4,19.240000000000002,3
LFL0055PI11,60.71,89.95,1,4,29.240000000000002,3
LFL0056BR91,107.1,107.1,6,6,0.0,0
LFL0056CR11,88.95,88.95,5,5,0.0,0
LFL0056SG71,83.3,107.1,1,6,23.799999999999997,5
LFL0078BR92,71.95,71.95,4,4,0.0,0
LFL0078CR31,62.96,62.96,6,6,0.0,0
LFL0078NY71,62.96,79.95,1,6,16.990000000000002,5
LFL0078PI52,64.96,79.95,1,6,14.990000000000009,5
LFL0078RE71,62.96,62.96,2,2,0.0,0
LFL0078SG71,79.95,79.95,6,6,0.0,0
LFL0080OL51,119.95,119.95,4,4,0.0,0
LFL0084CR31,78.85,125.1,1,4,46.25,3
LFL0086BE93,99.95,99.95,6,6,0.0,0
LFL0086RE97,99.95,99.95,6,6,0.0,0
LFL0088BE93,119.0,119.0,6,6,0.0,0
LFL0090TN43,116.1,116.1,5,5,0.0,0
LFL0091CR52,89.95,89.95,6,6,0.0,0
LFL0091NY99,99.95,99.95,7,7,0.0,0
LFL0093OL71,79.95,79.95,7,7,0.0,0
LFL0094CR52,76.95,76.95,5,5,0.0,0
LFL0094NY99,89.95,89.95,7,7,0.0,0
LFL0095BE93,89.95,89.95,6,6,0.0,0
LFL0095OL71,89.95,89.95,6,6,0.0,0
LFL0095RE97,89.95,89.95,6,6,0.0,0
LFL0098BK11,98.1,98.1,6,6,0.0,0
LFL0098BR75,98.1,98.1,4,4,0.0,0
LFL0098WH12,98.1,109.0,1,6,10.900000000000006,5
LFL0099BR75,89.95,89.95,6,6,0.0,0
LFL0100BK11,80.95,80.95,6,6,0.0,0
LGI0003BK11,60.26,80.75,1,2,20.490000000000002,1
LGI0003BL21,89.95,89.95,2,2,0.0,0
LGI0003BR91,89.95,89.95,6,6,0.0,0
LGI0003CR31,62.96,62.96,2,2,0.0,0
LGI0003NY71,54.15,62.96,1,3,8.810000000000002,2
LGI0003OL52,56.05,89.95,1,6,33.900000000000006,5
LGI0003PI15,89.95,89.95,4,4,0.0,0
LGI0016BE31,116.1,116.1,3,3,0.0,0
LGI0016BK91,116.1,116.1,5,5,0.0,0
LGI0016NY71,96.95,96.95,5,5,0.0,0
LGI0016OL51,116.1,116.1,6,6,0.0,0
LGI0017BE32,107.1,107.1,6,6,0.0,0
LGI0017BK11,94.95,107.1,1,6,12.149999999999991,5
LGI0017NY71,107.1,107.1,7,7,0.0,0
LGI0017OL51,76.5,76.5,3,3,0.0,0
LGI0017PU95,107.1,107.1,5,5,0.0,0
LGI0017RE61,107.1,107.1,7,7,0.0,0
LGI0201BK11,107.1,107.1,7,7,0.0,0
LGI0201BR31,107.1,107.1,6,6,0.0,0
LGI0202BK91,116.1,116.1,1,1,0.0,0
LGI0204BK11,159.95,159.95,4,4,0.0,0
LGI0208GN91,100.08,100.08,4,4,0.0,0
LGI0208NY91,100.08,100.08,4,4,0.0,0
LGI0209BK91,124.45,124.45,4,4,0.0,0
LGI0210BK11,103.55,103.55,6,6,0.0,0
LGI0213BE91,107.1,107.1,5,5,0.0,0
LGI0213BK11,64.6,107.1,1,4,42.5,3
LGI0217BK11,77.9,77.9,3,3,0.0,0
LGI0219CR11,89.96,89.96,3,3,0.0,0
LGI0219GN93,89.96,89.96,5,5,0.0,0
LGI0220GN91,71.95,71.95,4,4,0.0,0
LGI0220NY91,84.55,84.55,3,3,0.0,0
LGI0223NY91,116.1,116.1,2,2,0.0,0
LGI0223WH11,129.0,129.0,6,6,0.0,0
LGI0224BK11,152.1,152.1,6,6,0.0,0
LGI0224PI11,152.1,152.1,6,6,0.0,0
LGI0225BK11,229.0,229.0,7,7,0.0,0
LGI0226BK11,129.0,129.0,6,6,0.0,0
LGI0226OL71,129.0,129.0,6,6,0.0,0
LGI0228CR11,116.1,116.1,7,7,0.0,0
LGI0228OL51,116.1,116.1,7,7,0.0,0
LGI0229BE33,129.0,129.0,6,6,0.0,0
LGI0229OL51,116.1,116.1,6,6,0.0,0
LLI0003BK11,72.0,72.0,5,6,0.0,1
LLI0003BR71,72.0,71.95,6,6,-0.04999999999999716,0
LLI0003NY91,72.0,72.0,7,7,0.0,0
LLI0003OL71,72.0,72.0,7,7,0.0,0
LML0633WH33,35.15,35.15,1,1,0.0,0
LOL0623NY73,48.56,48.56,4,3,0.0,-1
LOL0649BE11,71.96,71.96,1,1,0.0,0
LOL0654PI32,53.96,53.96,1,1,0.0,0
LOL0659BK11,71.95,71.95,6,6,0.0,0
LOL0660BK11,80.95,80.95,3,3,0.0,0
LOL0660BR51,80.95,80.95,4,4,0.0,0
LOL0668NY99,50.36,53.95,2,5,3.5900000000000034,3
LOL0669NY99,45.6,45.6,4,4,0.0,0
LOL0671PI98,57.0,79.95,1,6,22.950000000000003,5
LOL0672NY73,42.26,39.9,3,3,-2.3599999999999994,0
LOL0673NY73,45.6,45.6,4,4,0.0,0
LOL0677PI57,71.96,71.96,5,5,0.0,0
LOL0677PU13,71.96,71.96,4,4,0.0,0
LOL0678BK11,80.96,80.96,3,3,0.0,0
LOL0679BK11,62.96,62.96,6,6,0.0,0
LQU0030BK91,151.05,151.05,2,2,0.0,0
LQU0030BR92,179.1,179.1,8,8,0.0,0
LQU0087BE31,152.1,152.1,3,3,0.0,0
LQU0087BK91,130.5,130.5,7,7,0.0,0
LQU0087BR95,152.1,152.1,8,8,0.0,0
LQU0087NY91,130.5,130.5,7,7,0.0,0
LQU0087OL91,130.5,130.5,5,5,0.0,0
LQU0087PI51,152.1,152.1,1,1,0.0,0
LQU0087ST32,130.5,130.5,3,3,0.0,0
LQU0228BK91,73.15,73.15,2,2,0.0,0
LQU0228BL21,107.28,107.28,5,5,0.0,0
LQU0228NY91,95.95,95.95,5,5,0.0,0
LQU0228OL56,94.05,94.05,3,3,0.0,0
LQU0228PI71,134.1,134.1,1,1,0.0,0
LQU0228ST31,95.95,95.95,3,3,0.0,0
LQU0236CR51,76.45,76.45,8,8,0.0,0
LQU0236NY91,76.45,76.45,7,7,0.0,0
LQU0316BK91,152.1,152.1,3,3,0.0,0
LQU0471BK91,130.5,130.5,2,2,0.0,0
LQU0471BR11,130.5,130.5,3,3,0.0,0
LQU0471NY91,130.5,130.5,4,4,0.0,0
LQU0471OL91,130.5,130.5,2,2,0.0,0
LQU0475BE53,92.88,92.88,5,4,0.0,-1
LQU0475BE93,97.85,92.88,2,2,-4.969999999999999,0
LQU0475BK91,97.85,97.85,6,6,0.0,0
LQU0475CR71,92.88,92.88,7,7,0.0,0
LQU0475NY91,97.85,92.88,5,5,-4.969999999999999,0
LQU0475OL91,97.85,97.85,4,4,0.0,0
LQU0475PI56,92.88,92.88,4,4,0.0,0
LQU0475RE61,116.1,116.1,7,7,0.0,0
LQU0475RE96,116.1,116.1,8,8,0.0,0
LQU0475SN11,116.1,116.1,7,7,0.0,0
LQU0519BK91,128.66,128.66,2,2,0.0,0
LQU0519CR51,116.85,116.85,2,2,0.0,0
LQU0519NY91,128.88,128.88,6,5,0.0,-1
LQU0665BE34,161.1,161.1,3,3,0.0,0
LQU0665BK12,133.95,133.95,5,4,0.0,-1
LQU0665GN92,161.1,161.1,3,3,0.0,0
LQU0665NY94,161.1,161.1,3,3,0.0,0
LQU1012BE34,97.85,94.5,1,6,-3.3499999999999943,5
LQU1012BK91,97.85,97.85,6,6,0.0,0
LQU1012BR92,116.1,116.1,7,7,0.0,0
LQU1012NY71,97.85,97.85,7,7,0.0,0
LQU1012OL51,97.85,97.85,1,6,0.0,5
LQU1064BK91,113.05,113.05,4,4,0.0,0
LQU1064NY71,94.05,94.05,3,3,0.0,0
LQU1064OL53,108.0,108.0,2,2,0.0,0
LQU1542NY91,179.1,179.1,7,7,0.0,0
LQU1745BE31,251.1,251.1,1,1,0.0,0
LQU1745BK11,197.6,229.95,1,3,32.349999999999994,2
LQU1745OL52,179.55,179.55,2,2,0.0,0
LQU1765BK91,187.15,187.15,6,6,0.0,0
LQU1765NY71,166.44,166.44,4,4,0.0,0
LQU1765SG71,166.4,197.1,1,6,30.69999999999999,5
LQU1767BR52,152.1,152.1,6,5,0.0,-1
LQU1767TN14,169.0,169.0,8,8,0.0,0
LQU1813BK11,89.95,134.1,2,3,44.14999999999999,1
LQU1815WH11,179.1,179.1,1,1,0.0,0
LQU1820BK91,128.25,128.25,1,1,0.0,0
LQU1839BK11,129.95,129.95,3,3,0.0,0
LQU1839OL71,99.95,99.95,6,5,0.0,-1
LQU1849BK91,224.1,224.1,7,7,0.0,0
LQU1849SG71,224.1,224.1,7,7,0.0,0
LQU1851BE72,152.1,152.1,7,7,0.0,0
LQU1851BK91,128.25,169.0,1,8,40.75,7
LQU1851GN14,101.66,101.66,4,4,0.0,0
LQU1851NY52,152.1,152.1,7,7,0.0,0
LQU1851NY71,152.1,152.1,2,2,0.0,0
LQU1851OL74,152.1,152.1,7,7,0.0,0
LQU1851PI53,152.1,152.1,6,6,0.0,0
LQU1852BE72,152.1,152.1,2,2,0.0,0
LQU1852BK91,152.1,152.1,6,6,0.0,0
LQU1852GN14,152.1,152.1,2,2,0.0,0
LQU1852NY52,152.1,152.1,7,7,0.0,0
LQU1852OL74,152.1,152.1,6,6,0.0,0
LQU1852PI53,152.1,152.1,3,3,0.0,0
LQU1858OL71,139.95,139.95,2,2,0.0,0
LQU1859OL71,190.0,190.0,4,4,0.0,0
LQU1861BK91,109.25,109.25,3,3,0.0,0
LQU1863CR31,242.1,242.1,5,5,0.0,0
LQU1864BK91,132.05,132.05,2,2,0.0,0
LQU1866BK91,128.25,206.1,1,2,77.85,1
LQU1866GN31,132.05,132.05,2,2,0.0,0
LQU1867CR31,161.1,161.1,5,5,0.0,0
LQU1878BE91,242.1,242.1,6,6,0.0,0
LQU1880BK11,188.1,188.1,6,6,0.0,0
LQU1880CR11,188.1,188.1,4,4,0.0,0
LQU1883OL71,149.15,224.1,1,6,74.94999999999999,5
LQU1885NY91,179.1,179.1,4,4,0.0,0
LQU1885OL71,179.1,179.1,4,4,0.0,0
LQU1887BE31,161.1,206.1,1,4,45.0,3
LQU1894GN34,95.95,95.95,3,3,0.0,0
LQU1894PI32,152.1,152.1,4,4,0.0,0
LQU1895CR11,152.1,152.1,5,5,0.0,0
LQU1895GN93,152.1,152.1,5,5,0.0,0
LQU1896CR11,179.1,179.1,1,1,0.0,0
LQU1896GN93,179.1,179.1,1,1,0.0,0
LQU1897CR11,152.1,152.1,6,6,0.0,0
LQU1898NY91,134.1,134.1,6,6,0.0,0
LQU1898ST11,134.1,134.1,6,6,0.0,0
LQU1899NY71,134.1,134.1,6,6,0.0,0
LQU1900GN91,100.95,100.95,1,1,0.0,0
LQU1900NY91,152.1,152.1,1,1,0.0,0
LQU1908GN31,152.1,152.1,6,6,0.0,0
LQU1908NY91,152.1,152.1,6,6,0.0,0
LQU1912BK11,179.1,179.1,6,6,0.0,0
LQU1912BR31,179.1,179.1,6,6,0.0,0
LQU1912CR11,179.1,179.1,6,6,0.0,0
LQU1913BK12,197.1,197.1,6,6,0.0,0
LQU1913BR31,197.1,197.1,6,6,0.0,0
LQU1914BK11,179.1,179.1,6,6,0.0,0
LQU1914BR31,179.1,179.1,4,4,0.0,0
LQU1914PI11,179.1,179.1,6,6,0.0,0
LQU1917BK91,179.1,179.1,6,6,0.0,0
LQU1917CR31,179.1,179.1,6,6,0.0,0
LQU1918BK91,179.1,179.1,6,6,0.0,0
LQU1918BR31,179.1,179.1,6,6,0.0,0
LQU1918PI11,179.1,179.1,6,6,0.0,0
LQU1920BK91,169.0,169.0,7,7,0.0,0
LQU1920GN71,169.0,169.0,7,7,0.0,0
LQU1920ST11,169.0,169.0,7,7,0.0,0
LQU1921GN71,199.0,199.0,7,7,0.0,0
LQU1921ST11,199.0,199.0,7,7,0.0,0
LQU1922BK11,206.1,206.1,6,6,0.0,0
LQU1922OL71,206.1,206.1,2,2,0.0,0
LQU1924BR91,161.1,161.1,7,7,0.0,0
LQU1924NY91,161.1,161.1,6,6,0.0,0
LQU1924OL51,161.1,161.1,7,7,0.0,0
LQU1925BE31,161.1,161.1,7,7,0.0,0
LQU1925BR91,161.1,161.1,7,7,0.0,0
LQU1925OL51,161.1,161.1,7,7,0.0,0
LQU1926BE31,206.1,206.1,4,4,0.0,0
LQU1926NY91,206.1,206.1,7,7,0.0,0
LQU1926OL51,206.1,206.1,7,7,0.0,0
LQU1927BK91,206.1,206.1,7,7,0.0,0
LQU1927OL53,206.1,206.1,7,7,0.0,0
LQU1928BK11,242.1,242.1,7,7,0.0,0
LQU1928OL71,242.1,242.1,7,7,0.0,0
LQU1928SN31,242.1,242.1,7,7,0.0,0
LQU1929BK11,242.1,242.1,7,7,0.0,0
LQU1929BR91,242.1,242.1,7,7,0.0,0
LQU1929OL51,242.1,242.1,7,7,0.0,0
LQU1931NY91,179.1,179.1,7,7,0.0,0
LQU1931OL71,179.1,179.1,7,7,0.0,0
LQU1932TN11,179.1,179.1,7,7,0.0,0
LQU1933BK11,179.1,179.1,8,8,0.0,0
LQU1933OL71,179.1,179.1,8,8,0.0,0
LQU1933SN31,179.1,179.1,2,2,0.0,0
LQU1934BK91,152.1,152.1,7,7,0.0,0
LQU1934BR92,152.1,152.1,7,7,0.0,0
LQU1934OL74,152.1,152.1,6,6,0.0,0
LQU1935NY92,161.1,161.1,6,6,0.0,0
LQU1936BK91,179.0,179.0,6,6,0.0,0
LQU1936BR92,179.0,179.0,6,6,0.0,0
LQU1936OL74,179.0,179.0,6,6,0.0,0
LQU1938BK11,224.1,224.1,6,6,0.0,0
LQU1938BR31,224.1,224.1,6,6,0.0,0
LQU1938CR11,224.1,224.1,6,6,0.0,0
LQU1939BR71,224.1,224.1,7,7,0.0,0
LQU1940BK11,152.1,152.1,7,7,0.0,0
LQU1940BR92,152.1,152.1,8,8,0.0,0
LQU1941BE31,224.1,224.1,7,7,0.0,0
LQU1941BR91,224.1,224.1,7,7,0.0,0
LQU1943BE33,161.1,161.1,7,7,0.0,0
LQU1943BK11,161.1,161.1,3,3,0.0,0
LQU1943OL51,161.1,161.1,7,7,0.0,0
LQU1945BR71,161.1,161.1,6,6,0.0,0
LQU1946SG71,299.0,299.0,7,7,0.0,0
LQU1947BR92,242.1,242.1,6,6,0.0,0
LQU1947OL51,269.0,269.0,7,7,0.0,0
LQU1949OL72,249.0,249.0,7,7,0.0,0
LQU1950BK91,249.0,249.0,7,7,0.0,0
LQU1950ST32,249.0,249.0,7,7,0.0,0
LQU1950ST71,249.0,249.0,7,7,0.0,0
LQU1966BK11,224.1,224.1,6,6,0.0,0
LSP0081NY31,206.1,206.1,7,7,0.0,0
LSP0081ST33,206.1,206.1,3,3,0.0,0
LSP0183OL71,231.2,231.2,1,1,0.0,0
LSP0211NY51,224.1,224.1,3,3,0.0,0
LSP0211ST51,224.1,224.1,2,2,0.0,0
LSP0220PI31,143.1,143.1,2,2,0.0,0
LSP0220ST33,143.1,143.1,2,2,0.0,0
LSP0233GN32,146.3,146.3,1,1,0.0,0
LSP0233NY93,179.1,179.1,1,1,0.0,0
LSP0233ST33,179.1,179.1,1,1,0.0,0
LSP0235NY91,119.7,119.7,2,2,0.0,0
LSP0235ST31,197.1,197.1,4,4,0.0,0
LSP0241BR52,179.1,179.1,1,1,0.0,0
LSP0245BE51,209.95,209.95,6,6,0.0,0
LSP0247BE51,224.1,224.1,1,1,0.0,0
LSP0249BR32,189.95,189.95,5,5,0.0,0
LSP0249OL51,189.95,189.95,7,7,0.0,0
LSP0250NY91,189.95,189.95,7,7,0.0,0
LSP0252IN71,179.1,179.1,1,1,0.0,0
LSP0256BR51,197.6,219.0,2,8,21.400000000000006,6
LSP0256CR11,197.1,197.1,2,2,0.0,0
LSP0259CR31,251.1,251.1,2,2,0.0,0
LSP0270BK11,179.1,179.1,5,5,0.0,0
LSP0270GY31,179.1,179.1,6,6,0.0,0
LSP0271OL51,251.1,251.1,5,5,0.0,0
LSP0273BE31,134.99,242.1,1,4,107.10999999999999,3
LSP0275NY91,179.1,179.1,3,3,0.0,0
LSP0276SG71,242.1,242.1,1,1,0.0,0
LSP0278BK11,197.1,197.1,6,6,0.0,0
LSP0295BK11,143.1,143.1,5,5,0.0,0
LSP0295WH11,143.1,143.1,5,5,0.0,0
LSP0298PI31,179.1,179.1,1,1,0.0,0
LSP0299BK11,152.1,152.1,2,2,0.0,0
LSP0299WH11,152.1,152.1,6,6,0.0,0
LSP0304CR31,170.1,170.1,1,1,0.0,0
LSP0304OL72,129.95,129.95,3,3,0.0,0
LSP0305OL72,179.95,179.95,3,3,0.0,0
LSP0306CR31,149.95,149.95,5,5,0.0,0
LSP0306OL72,179.1,169.95,2,2,-9.150000000000006,0
LSP0307BK11,149.95,149.95,2,2,0.0,0
LSP0307GN51,118.3,139.95,1,3,21.64999999999999,2
LSP0310NY91,189.95,189.95,4,4,0.0,0
LSP0310OL72,206.1,206.1,3,3,0.0,0
LSP0311CR31,161.1,161.1,3,3,0.0,0
LSP0311OL72,125.0,125.0,3,3,0.0,0
LSP0313OL51,181.45,181.45,2,2,0.0,0
LSP0315ST31,197.1,197.1,2,2,0.0,0
LSP0316OL11,122.55,122.55,3,3,0.0,0
LSP0316ST31,179.1,179.1,3,3,0.0,0
LSP0317NY91,145.0,145.0,6,6,0.0,0
LSP0319OL51,152.1,152.1,3,3,0.0,0
LSP0320NY71,149.95,149.95,1,1,0.0,0
LSP0324NY51,154.85,154.85,2,2,0.0,0
LSP0325GN11,161.1,161.1,1,1,0.0,0
LSP0325GY71,161.1,161.1,5,5,0.0,0
LSP0326GY71,242.1,242.1,1,1,0.0,0
LSP0337BK11,161.1,161.1,1,1,0.0,0
LSP0337CR11,161.1,179.0,1,6,17.900000000000006,5
LSP0337GY91,161.1,161.1,2,2,0.0,0
LSP0338BK11,179.1,179.1,6,6,0.0,0
LSP0338CR11,179.1,179.1,6,6,0.0,0
LSP0338GY91,179.1,179.1,6,6,0.0,0
LSP0340NY91,161.1,161.1,2,2,0.0,0
LSP0340SN11,161.1,161.1,1,1,0.0,0
LSP0341GN32,179.1,179.1,5,5,0.0,0
LSP0341NY91,179.1,179.1,5,5,0.0,0
LSP0342BK11,134.1,134.1,6,6,0.0,0
LSP0342CR31,134.1,134.1,6,6,0.0,0
LSP0345BK11,242.1,242.1,6,6,0.0,0
LSP0346BK11,224.1,224.1,6,6,0.0,0
LSP0347BK11,179.1,179.1,6,6,0.0,0
LSP0347CR11,179.1,179.1,6,6,0.0,0
LSP0348BK11,179.1,179.1,5,5,0.0,0
LSP0349BK11,224.1,224.1,5,5,0.0,0
LSP0349CR51,224.1,224.1,6,6,0.0,0
LSP0350NY92,179.1,179.1,6,6,0.0,0
LSP0351NY92,269.0,269.0,7,7,0.0,0
LSP0353BE31,269.0,269.0,6,6,0.0,0
LSP0353OL71,269.0,269.0,6,6,0.0,0
LSP0354BE31,219.0,219.0,7,7,0.0,0
LSP0354NY91,219.0,219.0,7,7,0.0,0
LSP0354OL71,219.0,219.0,7,7,0.0,0
LSP0355NY91,206.1,206.1,6,6,0.0,0
LSP0355ST31,206.1,206.1,4,4,0.0,0
LSP0357BR91,242.1,242.1,2,2,0.0,0
LSP0357NY91,242.1,242.1,2,2,0.0,0
LSP0357ST31,242.1,242.1,2,2,0.0,0
LSP0358BR71,179.1,179.1,4,4,0.0,0
LSP0359BE31,224.1,224.1,6,6,0.0,0
LSP0359OL71,224.1,224.1,6,6,0.0,0
LSP0361BE52,179.1,179.1,3,3,0.0,0
LWB0794OL51,171.0,171.0,2,2,0.0,0
LWB0798BK11,199.95,199.95,2,2,0.0,0
LWB0798NY92,199.95,224.1,1,5,24.150000000000006,4
LWB0798ST31,224.1,224.1,7,7,0.0,0
LWB0800BE31,224.1,209.95,4,4,-14.150000000000006,0
LWB0800NY92,171.95,171.95,1,1,0.0,0
LWB0890NY91,179.1,179.1,3,3,0.0,0
LWB0890OL52,179.95,179.95,3,3,0.0,0
LWB0919OL52,175.0,175.0,1,1,0.0,0
LWB0927BK11,101.65,101.65,1,1,0.0,0
LWB0935NY91,251.1,251.1,2,2,0.0,0
LWB0935ST31,251.1,251.1,1,1,0.0,0
LWB0937OL31,179.1,179.1,1,1,0.0,0
LWB0937PU11,179.1,179.1,1,1,0.0,0
LWB0938GY71,150.25,150.25,2,2,0.0,0
LWB0938PI51,168.15,224.1,1,2,55.94999999999999,1
LWB0940BK11,238.45,238.45,3,3,0.0,0
LWB0940BR31,279.0,279.0,6,6,0.0,0
LWB0941BR91,251.1,251.1,6,6,0.0,0
LWB0941NY91,251.1,251.1,7,7,0.0,0
LWB0944BE31,251.1,251.1,6,6,0.0,0
LWB0944BR91,251.1,251.1,6,6,0.0,0
LWB0945BK11,251.1,251.1,6,6,0.0,0
LWB0945SG71,251.1,251.1,6,6,0.0,0
LWB0946BE34,251.1,251.1,6,6,0.0,0
LWB0946SG71,251.1,251.1,5,5,0.0,0
LWB0947BR91,179.1,179.1,7,7,0.0,0
LWB0947SG71,179.1,179.1,4,4,0.0,0
LWX0003BK51,227.05,269.1,1,8,42.05000000000001,7
LWX0534NY92,200.66,208.95,4,5,8.289999999999992,1
LWX0534OL71,251.1,251.1,7,7,0.0,0
LWX0667BK11,170.0,242.1,9,9,72.1,0
LWX0667BR31,170.0,242.1,7,9,72.1,2
LWX0667NY91,170.0,242.1,9,9,72.1,0
LWX0667RU52,170.0,242.1,8,9,72.1,1
LWX0667SG91,170.0,242.1,9,9,72.1,0
LWX0668OL71,170.0,242.1,9,9,72.1,0
LWX0752BK11,179.1,179.1,6,6,0.0,0
LWX0752NY51,179.1,179.1,5,5,0.0,0
LWX0752OL51,179.1,215.1,1,8,36.0,7
LWX0752RU71,215.1,215.1,8,8,0.0,0
LWX0827NY51,224.1,224.1,2,2,0.0,0
LWX0827OL51,142.5,224.1,1,3,81.6,2
LWX1066NY51,197.1,197.1,4,4,0.0,0
LWX1066OL51,197.1,197.1,3,3,0.0,0
LWX1081BR31,202.0,202.0,5,5,0.0,0
LWX1081OL71,202.5,193.45,5,4,-9.050000000000011,-1
LWX1179BK71,184.6,287.1,1,6,102.50000000000003,5
LWX1179RU91,179.1,179.1,5,5,0.0,0
LWX1179SG51,179.1,179.1,6,6,0.0,0
LWX1262BR31,269.1,269.1,5,5,0.0,0
LWX1262NY92,215.06,269.1,2,7,54.04000000000002,5
LWX1262OL71,241.3,241.3,2,2,0.0,0
LWX1264OL71,265.05,314.1,1,7,49.05000000000001,6
LWX1333SG51,209.95,299.0,1,7,89.05000000000001,6
LWX1397SG51,219.95,219.95,2,2,0.0,0
LWX1402BK71,242.1,242.1,6,6,0.0,0
LWX1402NY92,242.1,242.1,4,4,0.0,0
LWX1402SG51,242.1,242.1,7,7,0.0,0
LWX1402SN31,242.1,242.1,1,1,0.0,0
LWX1403BK71,224.1,224.1,4,4,0.0,0
LWX1403NY92,224.1,224.1,7,7,0.0,0
LWX1403SG51,224.1,224.1,5,5,0.0,0
LWX1403SN31,224.1,224.1,5,5,0.0,0
LWX1410BK71,224.1,224.1,3,3,0.0,0
LWX1410OL71,249.0,249.0,7,7,0.0,0
LWX1410RE93,249.0,249.0,7,7,0.0,0
LWX1410SG71,249.0,249.0,7,7,0.0,0
LWX1411OL91,269.0,269.0,7,7,0.0,0
LWX1411RE93,269.0,269.0,7,7,0.0,0
LWX1411SN91,269.0,269.0,7,7,0.0,0
LWX1414GY51,251.1,251.1,2,2,0.0,0
LWX1414OL51,279.0,279.0,7,7,0.0,0
LWX1414SN91,279.0,279.0,7,7,0.0,0
LWX1482NY92,224.1,224.1,8,8,0.0,0
LWX1482OL33,224.1,224.1,8,8,0.0,0
LWX1482OL52,174.8,224.1,1,7,49.29999999999998,6
LWX1517OL99,251.1,251.1,1,1,0.0,0
LWX1520OL99,341.1,341.1,6,6,0.0,0
LWX1530BK11,269.1,269.1,5,5,0.0,0
LWX1530OL12,269.1,269.1,1,1,0.0,0
LWX1530SN11,269.1,269.1,6,6,0.0,0
LWX1531GY71,161.95,188.0,1,5,26.05000000000001,4
LWX1531OL12,242.1,242.1,5,5,0.0,0
LWX1533OL51,215.0,215.0,6,6,0.0,0
LWX1533RU71,242.1,242.1,2,2,0.0,0
LWX1534NY51,195.7,195.7,4,4,0.0,0
LWX1534SN31,269.1,269.1,6,6,0.0,0
LWX1536OL51,164.95,242.1,2,6,77.15,4
LWX1557OL71,269.0,269.0,7,7,0.0,0
LWX1561SG51,269.0,269.0,7,7,0.0,0
LWX1567OL71,251.1,279.0,1,8,27.900000000000006,7
LWX1568BK71,269.1,269.1,8,8,0.0,0
LWX1568NY92,269.1,269.1,8,8,0.0,0
LWX1568OL33,269.1,269.1,8,8,0.0,0
LWX1574RU91,269.1,269.1,7,7,0.0,0
LWX1574SN91,269.1,269.1,7,7,0.0,0
LWX1577OL33,299.0,299.0,6,6,0.0,0
LWX1577RE91,299.0,299.0,6,6,0.0,0
LWX1577SN91,249.0,249.0,5,5,0.0,0
LWX1580BK71,269.1,269.1,8,8,0.0,0
LWX1581BK71,251.1,251.1,6,6,0.0,0
LWX1581OL71,251.1,251.1,8,8,0.0,0
LWX1581RU91,251.1,251.1,7,7,0.0,0
LWX1582BK71,251.1,251.1,8,8,0.0,0
LWX1582OL71,251.1,251.1,8,8,0.0,0
LWX1582RU91,251.1,251.1,7,7,0.0,0
LWX1584OL71,299.0,299.0,6,6,0.0,0
LWX1587TA51,269.1,269.1,7,7,0.0,0
LWX1595NY92,242.1,242.1,7,7,0.0,0
LWX1595OL71,242.1,242.1,4,4,0.0,0
LWX1595SN91,242.1,242.1,7,7,0.0,0
LWX1596NY92,242.1,242.1,7,7,0.0,0
LWX1596SN91,242.1,242.1,6,6,0.0,0
LWX1597OL71,296.1,296.1,9,9,0.0,0
MCA0412BK12,161.1,161.1,4,4,0.0,0
MCA0412NY71,105.45,128.66,1,3,23.209999999999994,2
MCA0427BE31,161.1,161.1,4,4,0.0,0
MCA0427NY71,161.1,161.1,3,3,0.0,0
MCA0427SG71,161.1,161.1,1,1,0.0,0
MCA0430BE31,111.0,135.0,1,6,24.0,5
MCA0430GN51,130.0,149.95,1,6,19.94999999999999,5
MCA0430NY71,149.95,149.95,6,6,0.0,0
MCA0430SN71,161.1,161.1,6,6,0.0,0
MCA0792BE31,152.1,152.1,1,1,0.0,0
MCA0792NY51,165.0,169.0,5,5,4.0,0
MCA0792OL11,169.0,169.0,3,3,0.0,0
MCA0931GY71,206.1,206.1,5,5,0.0,0
MCA0931NY71,206.1,206.1,5,5,0.0,0
MCA0931SG71,206.1,206.1,6,6,0.0,0
MCA0931ST51,206.1,206.1,5,5,0.0,0
MCA0933BR71,279.0,279.0,7,7,0.0,0
MCA0933NY71,279.0,279.0,7,7,0.0,0
MCA0933SG71,251.1,251.1,4,4,0.0,0
MCA0933SN71,251.1,251.1,5,5,0.0,0
MCA0963SG51,299.0,299.0,6,6,0.0,0
MCA0963SG75,299.0,299.0,6,6,0.0,0
MCA0976BE51,115.9,179.1,1,3,63.19999999999999,2
MCA0978BE31,105.45,152.1,1,3,46.64999999999999,2
MCA0978OL51,152.1,152.1,4,4,0.0,0
MCA0979BE32,137.97,131.5,2,2,-6.469999999999999,0
MCA0979NY51,143.45,143.45,4,4,0.0,0
MCA0996CM51,112.77,112.77,4,4,0.0,0
MCA0996GN31,95.0,95.0,1,1,0.0,0
MCA0996NY91,112.77,112.77,3,3,0.0,0
MCA1004SG91,219.0,219.0,6,6,0.0,0
MCA1004SN71,219.0,219.0,6,6,0.0,0
MCA1015BE31,101.35,101.35,3,3,0.0,0
MCA1015SN71,152.1,152.1,1,1,0.0,0
MCA1039BE31,125.37,125.37,3,3,0.0,0
MCA1039NY51,179.1,179.1,3,3,0.0,0
MCA1039OL31,179.1,179.1,5,5,0.0,0
MCA1046BK11,96.9,134.1,1,3,37.19999999999999,2
MCA1046OL31,134.1,134.1,4,4,0.0,0
MCA1057GN51,90.0,90.0,5,5,0.0,0
MCA1068BK11,179.1,179.1,2,2,0.0,0
MCA1068SG71,179.1,179.1,1,1,0.0,0
MCA1069BK11,251.1,251.1,2,2,0.0,0
MCA1083BK11,197.1,197.1,5,5,0.0,0
MCA1083BR51,155.0,155.0,5,5,0.0,0
MCA1090ST31,251.1,251.1,4,4,0.0,0
MCA1091BE31,224.1,224.1,4,4,0.0,0
MCA1091BL51,224.1,224.1,3,3,0.0,0
MCA1091GN51,151.05,151.05,3,2,0.0,-1
MCA1091NY72,151.05,169.95,1,3,18.899999999999977,2
MCA1092OL72,192.56,192.56,3,2,0.0,-1
MCA1093BL51,161.1,161.1,1,1,0.0,0
MCA1093GN21,161.1,161.1,2,2,0.0,0
MCA1093OL11,161.1,161.1,2,2,0.0,0
MCA1094GN51,149.95,149.95,4,4,0.0,0
MCA1094NY72,169.95,169.95,5,5,0.0,0
MCA1095BE31,152.1,152.1,2,2,0.0,0
MCA1095BK11,119.0,119.0,5,5,0.0,0
MCA1098CR31,179.1,179.1,4,4,0.0,0
MCA1098NY91,179.1,179.1,2,2,0.0,0
MCA1098OL72,154.85,179.1,1,2,24.25,1
MCA1100GN33,197.1,197.1,1,1,0.0,0
MCA1101BK11,119.0,119.0,4,4,0.0,0
MCA1101OL52,109.25,109.25,3,3,0.0,0
MCA1107YE91,179.1,179.1,5,5,0.0,0
MCA1108ST31,197.1,197.1,5,5,0.0,0
MCA1118NY72,114.0,114.0,3,3,0.0,0
MCA1118ST32,114.0,114.0,2,2,0.0,0
MCA1119NY71,152.1,152.1,5,5,0.0,0
MCA1130BK11,119.0,119.0,5,5,0.0,0
MCA1130GY91,152.1,152.1,5,5,0.0,0
MCA1135CM51,103.55,134.1,1,5,30.549999999999997,4
MCA1135GN51,95.95,134.1,1,5,38.14999999999999,4
MCA1136NY56,152.1,152.1,5,5,0.0,0
MCA1142BR31,152.1,152.1,5,5,0.0,0
MCA1142BR51,152.1,152.1,2,2,0.0,0
MCA1142NY91,152.1,152.1,4,4,0.0,0
MCA1147NY71,161.1,161.1,5,5,0.0,0
MCA1147OL71,161.1,161.1,5,5,0.0,0
MCA1148NY71,197.1,197.1,5,5,0.0,0
MCA1148SN91,197.1,219.0,1,5,21.900000000000006,4
MCA1149CH71,169.0,169.0,7,7,0.0,0
MCA1149SG71,169.0,169.0,7,7,0.0,0
MCA1151BK11,224.1,224.1,5,5,0.0,0
MCA1151BR91,224.1,224.1,5,5,0.0,0
MCA1151GY71,224.1,224.1,5,5,0.0,0
MCA1152BK11,152.1,152.1,5,5,0.0,0
MCA1153BK11,224.1,224.1,4,4,0.0,0
MCA1157BK11,179.1,179.1,5,5,0.0,0
MCA1157OL52,179.1,179.1,5,5,0.0,0
MFL0079BR51,66.95,66.95,6,6,0.0,0
MFL0079CH71,56.05,69.95,1,6,13.900000000000006,5
MFL0079NY71,69.75,69.75,6,6,0.0,0
MFL0079OL71,69.75,69.75,6,6,0.0,0
MFL0160OL71,78.26,78.26,4,4,0.0,0
MFL0161OL71,99.86,99.86,3,3,0.0,0
MFL0186OL54,80.96,80.96,1,1,0.0,0
MFL0187TN38,125.1,125.1,5,5,0.0,0
MFL0192NY71,81.95,81.95,5,5,0.0,0
MFL0192OL72,73.58,73.58,2,2,0.0,0
MFL0195GN71,143.1,143.1,5,5,0.0,0
MFL0195NY71,143.1,143.1,3,3,0.0,0
MFL0208OL51,39.95,39.95,1,1,0.0,0
MFL0210NY71,71.95,71.55,3,3,-0.4000000000000057,0
MFL0210OL51,71.55,71.55,3,3,0.0,0
MFL0211OL51,89.95,89.95,5,5,0.0,0
MFL0215NY51,143.1,143.1,4,4,0.0,0
MFL0226BE12,98.0,98.0,5,5,0.0,0
MGI0024BK11,85.45,85.45,5,5,0.0,0
MGI0024NY71,99.95,99.95,6,6,0.0,0
MGI0024OL51,99.95,99.95,5,5,0.0,0
MGI0055BR11,99.95,99.95,5,5,0.0,0
MGI0055NY91,89.95,89.95,4,4,0.0,0
MGI0055OL72,89.95,89.95,5,5,0.0,0
MGI0055RE81,89.95,89.95,5,5,0.0,0
MGI0055RE95,89.95,89.95,5,5,0.0,0
MGI0055SN92,89.95,89.95,2,2,0.0,0
MGI0056NY91,96.95,96.95,3,3,0.0,0
MGI0056SG91,134.1,134.1,5,5,0.0,0
MGI0221BK91,89.95,89.95,5,5,0.0,0
MGI0221NY71,94.95,94.95,5,5,0.0,0
MGI0221OL71,89.95,89.95,5,5,0.0,0
MGI0245BK11,113.05,141.55,2,5,28.500000000000014,3
MGI0245BR91,134.1,134.1,5,5,0.0,0
MGI0245GN34,139.95,139.95,4,4,0.0,0
MGI0245GN71,113.05,113.05,4,4,0.0,0
MGI0245GN72,134.1,134.1,1,1,0.0,0
MGI0245NY32,134.1,134.1,5,5,0.0,0
MGI0245NY71,113.05,141.55,1,5,28.500000000000014,4
MGI0245RE91,149.0,149.0,5,5,0.0,0
MGI0245SN12,134.1,134.1,1,1,0.0,0
MGI0245SN73,149.0,149.0,5,5,0.0,0
MGI0245ST34,98.69,98.69,2,2,0.0,0
MGI0284BE31,93.87,93.87,1,1,0.0,0
MGI0284NY51,101.65,101.65,1,1,0.0,0
MGI0295NY72,79.95,79.95,4,4,0.0,0
MGI0295NY74,116.1,116.1,5,5,0.0,0
MGI0295OL71,79.95,79.95,4,4,0.0,0
MGI0296NY91,119.95,119.95,5,5,0.0,0
MGI0296SG71,101.66,119.95,1,5,18.290000000000006,4
MGI0298NY71,121.5,121.5,2,2,0.0,0
MGI0300BK11,107.1,107.1,5,5,0.0,0
MGI0300BR11,119.0,119.0,5,5,0.0,0
MGI0307BK11,101.66,101.66,3,3,0.0,0
MGI0307BR51,152.1,152.1,4,4,0.0,0
MGI0309NY91,105.0,105.0,5,5,0.0,0
MGI0311BK11,105.0,105.0,5,5,0.0,0
MGI0314TN52,152.1,152.1,5,5,0.0,0
MGI0317BR51,88.95,88.95,4,4,0.0,0
MGI0317NY71,115.0,115.0,5,5,0.0,0
MGI0318GN91,74.97,74.97,2,2,0.0,0
MGI0318NY51,90.25,90.25,3,3,0.0,0
MGI0328NY91,116.1,116.1,5,5,0.0,0
MGI0328SN31,116.1,116.1,5,5,0.0,0
MGI0329BE51,149.0,149.0,6,6,0.0,0
MGI0329NY91,149.0,149.0,6,6,0.0,0
MGI0333TN14,152.1,152.1,5,5,0.0,0
MGI0334NY92,134.1,134.1,5,5,0.0,0
MGI0334OL71,134.1,134.1,5,5,0.0,0
MGI0335NY92,152.1,152.1,5,5,0.0,0
MGI0335SG92,152.1,152.1,5,5,0.0,0
MGI0339NY92,152.1,152.1,5,5,0.0,0
MGI0339SG92,152.1,152.1,5,5,0.0,0
MGI0341NY71,134.1,134.1,3,3,0.0,0
MGI0341SG71,134.1,134.1,5,5,0.0,0
MKN0339BR17,89.95,89.95,6,6,0.0,0
MKN0339CH51,74.95,71.95,4,3,-3.0,-1
MKN0339GY15,65.0,65.0,6,6,0.0,0
MKN0339NY35,79.95,79.95,6,6,0.0,0
MKN0339NY71,74.95,74.95,4,4,0.0,0
MKN0339OL54,89.95,89.95,6,6,0.0,0
MKN0339RE53,89.95,89.95,5,5,0.0,0
MKN0339ST52,60.0,60.0,3,3,0.0,0
MKN0341BL71,57.0,64.76,1,3,7.760000000000005,2
MKN0341GN71,50.36,50.36,3,3,0.0,0
MKN0341NY71,50.36,50.36,2,2,0.0,0
MKN0341ST17,50.36,50.36,2,2,0.0,0
MKN0584IN72,80.95,80.95,6,6,0.0,0
MKN0584NY91,80.95,80.95,6,6,0.0,0
MKN0584OL51,80.96,80.96,1,1,0.0,0
MKN0584OR51,80.95,80.95,6,6,0.0,0
MKN0585BE14,71.95,71.95,2,2,0.0,0
MKN0585GN73,89.95,89.95,5,5,0.0,0
MKN0585IN72,89.95,89.95,5,5,0.0,0
MKN0585NY91,89.95,89.95,5,5,0.0,0
MKN0585ST71,89.95,89.95,5,5,0.0,0
MKN0790KH71,88.95,88.95,5,5,0.0,0
MKN0790OL51,107.1,107.1,5,5,0.0,0
MKN0920BK31,55.1,71.95,1,5,16.85,4
MKN1213OL51,143.1,143.1,4,4,0.0,0
MKN1584BL53,45.0,45.0,5,5,0.0,0
MKN1584YE92,80.96,80.96,1,1,0.0,0
MLI0001BK91,76.5,71.95,2,2,-4.549999999999997,0
MLI0001GN91,76.5,76.5,0,0,0.0,0
MLI0001GN92,76.5,76.5,7,7,0.0,0
MLI0001NY91,76.5,76.5,3,3,0.0,0
MLI0002BK91,76.5,71.95,3,3,-4.549999999999997,0
MLI0002BR71,89.95,89.95,7,7,0.0,0
MLI0002NY91,47.5,74.95,1,4,27.450000000000003,3
MLI0002OL91,76.0,92.15,1,7,16.150000000000006,6
MLI0004BK11,79.95,76.5,0,0,-3.450000000000003,0
MLI0004BR31,76.5,76.5,0,0,0.0,0
MLI0004SG71,76.5,76.5,0,0,0.0,0
MML0012BK31,38.5,38.5,4,4,0.0,0
MML0012OL72,35.0,35.0,2,2,0.0,0
MOL0255BK71,47.5,47.5,3,3,0.0,0
MOL0255GY51,80.96,80.96,2,2,0.0,0
MOL0641ST39,94.95,94.95,6,6,0.0,0
MOL0642GY52,38.95,38.95,1,1,0.0,0
MOL0661GY33,70.0,70.0,4,4,0.0,0
MOL0705BK11,70.0,70.0,5,5,0.0,0
MOL0733BK11,71.95,71.95,6,6,0.0,0
MOL0733BU77,58.0,58.0,5,5,0.0,0
MOL0735BE12,89.95,89.95,4,4,0.0,0
MOL0736BK11,98.1,98.1,3,3,0.0,0
MOL0736SG72,98.1,98.1,4,4,0.0,0
MOL0737BU77,80.95,80.95,2,2,0.0,0
MOL0749BU74,80.96,80.96,6,6,0.0,0
MOL0750OL31,80.96,80.96,6,6,0.0,0
MOL0750WH32,80.96,80.96,6,6,0.0,0
MOL0751BK11,64.6,64.6,4,4,0.0,0
MOL0752BK11,45.6,45.6,4,4,0.0,0
MOL0752OL39,45.6,45.6,3,3,0.0,0
MOL0753BK11,80.95,80.95,6,6,0.0,0
MOL0755BK11,89.96,89.96,5,5,0.0,0
MOL0755YE51,89.95,89.95,5,5,0.0,0
MOL0757BE11,134.1,134.1,5,5,0.0,0
MOL0758NY91,89.96,89.96,6,6,0.0,0
MOL0760SN14,78.0,78.0,4,4,0.0,0
MOL0761GY51,80.96,80.96,6,6,0.0,0
MOL0762GY13,89.96,89.96,6,6,0.0,0
MOL0762OL57,89.96,89.96,5,5,0.0,0
MOS0386BK11,98.0,98.0,6,6,0.0,0
MOS0389SG71,98.8,98.8,1,1,0.0,0
MOS0414NY91,79.95,79.95,6,6,0.0,0
MOS0433NY94,92.0,92.0,5,5,0.0,0
MOS0451SN31,125.1,125.1,1,1,0.0,0
MOS0452NY91,143.1,143.1,1,1,0.0,0
MOS0456BR38,98.0,98.0,5,5,0.0,0
MOS0457BR94,98.0,98.0,5,5,0.0,0
MOS0458CH51,98.0,98.0,5,5,0.0,0
MOS0458SG72,125.1,125.1,2,2,0.0,0
MOS0459BK11,85.0,85.0,5,5,0.0,0
MOS0469TN37,85.0,85.0,5,5,0.0,0
MOS0472BL91,78.85,78.85,3,3,0.0,0
MOS0473NY91,125.1,125.1,5,5,0.0,0
MOS0474BK11,93.1,93.1,4,4,0.0,0
MOS0474WH32,125.1,125.1,6,6,0.0,0
MOS0475BK11,90.25,90.25,3,3,0.0,0
MOS0475OR31,125.1,125.1,3,3,0.0,0
MOS0476OL51,99.95,99.95,5,5,0.0,0
MQU0001BK91,90.0,90.0,7,7,0.0,0
MQU0001NY91,90.0,90.0,6,6,0.0,0
MQU0001OL91,90.0,90.0,3,3,0.0,0
MQU0006BK11,112.5,112.5,7,7,0.0,0
MQU0006NY51,119.0,119.0,6,6,0.0,0
MQU0006OL51,113.05,113.05,6,6,0.0,0
MQU0007BE14,107.28,107.28,1,1,0.0,0
MQU0007BK91,91.2,91.2,3,3,0.0,0
MQU0007NY92,111.15,107.28,5,5,-3.8700000000000045,0
MQU0007OL52,107.28,107.28,5,5,0.0,0
MQU0240BK11,94.95,90.0,5,5,-4.950000000000003,0
MQU0240CH72,113.05,134.1,1,7,21.049999999999997,6
MQU0240NY92,94.95,90.0,3,3,-4.950000000000003,0
MQU0240OL71,94.95,94.95,6,6,0.0,0
MQU0281BK11,148.95,148.95,6,6,0.0,0
MQU0281GN72,151.05,151.05,4,4,0.0,0
MQU0281NY71,148.95,148.95,5,5,0.0,0
MQU0281OL51,149.0,149.0,6,6,0.0,0
MQU0365BK91,161.1,161.1,6,6,0.0,0
MQU0365NY91,161.1,161.1,1,1,0.0,0
MQU0365OL71,161.1,161.1,6,6,0.0,0
MQU0508BK11,152.24,152.24,4,3,0.0,-1
MQU0508NY71,152.24,179.1,1,6,26.859999999999985,5
MQU0508OL51,125.0,152.24,1,3,27.24000000000001,2
MQU0559NY91,179.1,179.1,3,3,0.0,0
MQU0784BE31,161.1,161.1,6,6,0.0,0
MQU0784NY91,136.94,136.94,5,5,0.0,0
MQU0784OL73,136.94,136.94,4,4,0.0,0
MQU1326BK11,189.05,189.05,4,4,0.0,0
MQU1326GN91,189.05,189.05,4,4,0.0,0
MQU1585NY91,167.53,167.53,5,5,0.0,0
MQU1585OL91,167.53,167.53,4,4,0.0,0
MQU1585SN52,197.1,197.1,5,5,0.0,0
MQU1590BK91,159.0,159.0,6,6,0.0,0
MQU1591BK91,161.1,161.1,6,6,0.0,0
MQU1686NY92,132.25,125.0,6,6,-7.25,0
MQU1715BR39,161.1,161.1,5,5,0.0,0
MQU1715GN71,161.1,161.1,5,5,0.0,0
MQU1715NY51,118.0,118.0,4,4,0.0,0
MQU1715ST34,112.77,112.77,4,4,0.0,0
MQU1722NY92,119.65,119.65,2,2,0.0,0
MQU1794BK91,134.1,134.1,0,0,0.0,0
MQU1794BR93,149.0,149.0,7,7,0.0,0
MQU1794GY73,149.0,149.0,7,7,0.0,0
MQU1794OL71,134.1,134.1,3,3,0.0,0
MQU1795BK91,224.1,224.1,3,3,0.0,0
MQU1795OL71,224.1,224.1,2,2,0.0,0
MQU1796BK91,199.0,199.0,7,7,0.0,0
MQU1796BR51,199.0,199.0,7,7,0.0,0
MQU1802BK91,219.0,219.0,7,7,0.0,0
MQU1802BR51,219.0,219.0,7,7,0.0,0
MQU1802OL71,197.1,197.1,6,6,0.0,0
MQU1805CH51,154.85,154.85,1,1,0.0,0
MQU1805NY92,162.45,162.45,1,1,0.0,0
MQU1808GN71,128.66,128.66,2,2,0.0,0
MQU1808NY51,161.1,161.1,4,4,0.0,0
MQU1814NY71,136.94,136.94,5,5,0.0,0
MQU1814OL51,129.95,129.95,4,4,0.0,0
MQU1822BK11,269.1,269.1,1,1,0.0,0
MQU1824SG71,179.1,179.1,3,3,0.0,0
MQU1828BK11,160.55,160.55,5,5,0.0,0
MQU1828BR11,105.45,105.45,1,1,0.0,0
MQU1828ST11,152.1,152.1,5,5,0.0,0
MQU1829NY71,157.5,157.5,4,4,0.0,0
MQU1857BK11,165.0,165.0,4,4,0.0,0
MQU1857SN71,206.1,206.1,2,2,0.0,0
MQU1859BR92,155.0,155.0,5,5,0.0,0
MQU1859NY71,197.1,197.1,1,1,0.0,0
MQU1860NY71,206.1,206.1,5,5,0.0,0
MQU1861NY71,202.5,202.5,2,2,0.0,0
MQU1862NY91,199.95,199.95,5,5,0.0,0
MQU1862SG71,156.56,199.95,1,5,43.389999999999986,4
MQU1864NY71,161.1,161.1,2,2,0.0,0
MQU1866BK11,179.0,179.0,7,7,0.0,0
MQU1866OL52,179.0,179.0,7,7,0.0,0
MQU1866ST32,179.0,179.0,7,7,0.0,0
MQU1868TN14,161.1,161.1,5,5,0.0,0
MQU1869TN14,219.0,219.0,7,7,0.0,0
MQU1872BK11,94.5,94.5,5,5,0.0,0
MQU1872BR11,134.1,134.1,2,2,0.0,0
MQU1873BK11,165.3,157.5,5,5,-7.800000000000011,0
MQU1873RE91,224.1,224.1,2,2,0.0,0
MQU1874BK11,103.5,103.5,5,5,0.0,0
MQU1875SG91,118.75,118.75,3,3,0.0,0
MQU1878OL72,157.45,197.1,1,5,39.650000000000006,4
MQU1884BK11,95.0,95.0,2,2,0.0,0
MQU1885NY91,100.0,100.0,4,4,0.0,0
MQU1886BK11,129.0,129.0,5,5,0.0,0
MQU1888BK11,163.4,189.0,1,4,25.599999999999994,3
MQU1892GN91,91.2,91.2,3,3,0.0,0
MQU1892NY51,143.1,143.1,5,5,0.0,0
MQU1893NY71,179.1,179.1,3,3,0.0,0
MQU1893ST32,179.1,179.1,4,4,0.0,0
MQU1895NY71,125.37,125.37,3,3,0.0,0
MQU1895OL32,125.37,125.37,3,3,0.0,0
MQU1901NY91,179.1,179.1,5,5,0.0,0
MQU1901SN31,179.1,179.1,5,5,0.0,0
MQU1903BE51,229.0,229.0,6,6,0.0,0
MQU1903NY91,229.0,229.0,6,6,0.0,0
MQU1909TN14,179.1,179.1,5,5,0.0,0
MQU1911OL71,152.1,152.1,5,5,0.0,0
MQU1911RE92,152.1,152.1,4,4,0.0,0
MQU1912NY92,215.1,215.1,5,5,0.0,0
MQU1912OL71,215.1,215.1,5,5,0.0,0
MQU1914BK91,249.0,249.0,7,7,0.0,0
MQU1914OL71,249.0,249.0,7,7,0.0,0
MQU1915BK11,219.0,219.0,7,7,0.0,0
MQU1915NY91,219.0,219.0,7,7,0.0,0
MQU1915RE92,219.0,219.0,7,7,0.0,0
MQU1915SG51,219.0,219.0,7,7,0.0,0
MQU1916TN11,229.0,229.0,7,7,0.0,0
MQU1917BK11,125.1,125.1,6,6,0.0,0
MQU1917CH92,179.1,179.1,5,5,0.0,0
MQU1918BK11,179.1,179.1,5,5,0.0,0
MQU1919NY92,152.1,152.1,5,5,0.0,0
MQU1919SG92,152.1,152.1,5,5,0.0,0
MQU1919SN52,152.1,152.1,5,5,0.0,0
MQU1921NY92,224.1,224.1,5,5,0.0,0
MQU1921SG92,224.1,224.1,5,5,0.0,0
MQU1926NY71,179.1,179.1,5,5,0.0,0
MQU1928BR72,152.1,152.1,4,4,0.0,0
MQU1928NY71,152.1,152.1,5,5,0.0,0
MSH4982TN21,59.95,59.95,4,4,0.0,0
MSH4994TN11,56.0,56.0,4,4,0.0,0
MSH5014TN11,50.36,50.36,2,2,0.0,0
MSH5325NY91,72.0,72.0,4,4,0.0,0
MSH5701BK31,65.0,65.0,4,4,0.0,0
MSH5768IN11,116.1,116.1,5,5,0.0,0
MSP0096OL55,149.95,149.95,3,3,0.0,0
MSP0096ST71,179.1,179.1,1,1,0.0,0
MSP0114GN93,143.1,143.1,3,3,0.0,0
MSP0114OR71,143.1,143.1,3,3,0.0,0
MSP0114RE91,143.1,143.1,1,1,0.0,0
MSP0132NY91,152.1,152.1,3,3,0.0,0
MSP0132OL39,92.15,106.47,1,2,14.319999999999993,1
MSP0136NY71,101.66,101.66,0,0,0.0,0
MSP0145BE32,161.1,161.1,3,3,0.0,0
MSP0145BK11,120.65,145.0,1,5,24.349999999999994,4
MSP0145NY71,161.1,161.1,1,1,0.0,0
MSP0147BK11,197.1,197.1,3,3,0.0,0
MSP0147OL52,197.1,197.1,3,3,0.0,0
MSP0150BL71,80.0,80.0,5,5,0.0,0
MSP0154OL55,206.1,206.1,1,1,0.0,0
MSP0166BK11,165.0,165.0,3,3,0.0,0
MSP0166RE72,154.85,197.1,1,4,42.25,3
MSP0167NY91,179.1,179.1,3,3,0.0,0
MSP0167OL72,125.37,125.37,3,3,0.0,0
MSP0169BK11,95.0,152.1,1,4,57.099999999999994,3
MSP0169SG51,152.1,152.1,5,5,0.0,0
MSP0172NY71,120.65,120.65,2,2,0.0,0
MSP0172OL39,109.25,152.1,1,3,42.849999999999994,2
MSP0172ST31,152.1,152.1,4,4,0.0,0
MSP0173BL11,152.1,152.1,5,5,0.0,0
MSP0181GY72,179.1,179.1,5,5,0.0,0
MSP0181OL32,179.1,179.1,2,2,0.0,0
MSP0185BR31,107.95,161.1,1,5,53.14999999999999,4
MSP0185NY71,161.1,161.1,2,2,0.0,0
MSP0186OL39,134.1,134.1,3,3,0.0,0
MSP0187NY71,152.1,152.1,3,3,0.0,0
MSP0187ST71,152.1,152.1,5,5,0.0,0
MSP0188ST71,161.1,161.1,5,5,0.0,0
MSP0189NY71,179.1,179.1,4,4,0.0,0
MSP0189OL39,179.1,179.1,4,4,0.0,0
MSP0189ST71,139.0,139.0,5,5,0.0,0
MSP0192NY52,152.1,152.1,5,5,0.0,0
MSP0192ST31,152.1,152.1,5,5,0.0,0
MWB0541BE71,152.1,152.1,1,1,0.0,0
MWB0541NY71,106.47,152.1,1,2,45.629999999999995,1
MWB0835BE53,179.1,179.1,5,5,0.0,0
MWB0835SG71,179.1,179.1,5,5,0.0,0
MWB0856ST72,179.1,179.1,2,2,0.0,0
MWB0939NY52,109.25,134.1,1,4,24.849999999999994,3
MWB0939OL32,134.1,134.1,3,3,0.0,0
MWB0939ST71,134.1,134.1,3,3,0.0,0
MWB1001NY51,269.1,269.1,5,5,0.0,0
MWB1001SG51,227.05,269.1,1,4,42.05000000000001,3
MWB1001SN91,299.0,299.0,5,5,0.0,0
MWB1003SG71,161.1,161.1,4,4,0.0,0
MWB1003SN91,161.1,161.1,5,5,0.0,0
MWB1086NY71,169.47,169.47,2,2,0.0,0
MWB1086OL91,242.1,242.1,5,5,0.0,0
MWB1106NY72,197.1,197.1,3,3,0.0,0
MWB1106ST71,149.95,149.95,1,1,0.0,0
MWB1121NY71,224.1,224.1,5,5,0.0,0
MWB1121OL51,139.95,139.95,1,1,0.0,0
MWB1121OL92,224.1,224.1,5,5,0.0,0
MWB1130NY72,88.35,152.1,1,2,63.75,1
MWB1130ST72,152.1,152.1,3,3,0.0,0
MWB1132BR51,170.1,170.1,4,4,0.0,0
MWB1132OL53,134.9,134.9,3,3,0.0,0
MWB1140BK11,189.0,189.0,5,5,0.0,0
MWB1141NY71,215.06,219.95,4,5,4.889999999999986,1
MWB1141OL91,249.95,249.95,5,5,0.0,0
MWB1141SN91,269.1,269.1,5,5,0.0,0
MWB1143OL91,199.95,199.95,5,5,0.0,0
MWB1144NY71,206.1,206.1,4,4,0.0,0
MWB1144SG71,206.1,206.1,5,5,0.0,0
MWB1145BE52,224.1,224.1,5,5,0.0,0
MWB1145NY71,224.1,224.1,3,3,0.0,0
MWB1145SG71,224.1,224.1,5,5,0.0,0
MWB1145ST71,249.0,249.0,5,5,0.0,0
MWB1146NY91,251.1,251.1,1,1,0.0,0
MWB1147BK11,189.0,189.0,5,5,0.0,0
MWB1153SG52,197.1,197.1,3,3,0.0,0
MWB1154BE31,175.0,175.0,5,5,0.0,0
MWB1154BK11,224.1,224.1,2,2,0.0,0
MWB1155BR51,136.95,136.95,2,2,0.0,0
MWB1155NY71,138.7,138.7,2,2,0.0,0
MWB1156ST31,130.15,206.1,1,5,75.94999999999999,4
MWB1158NY71,197.1,197.1,1,1,0.0,0
MWB1163NY71,206.1,206.1,5,5,0.0,0
MWB1163SN51,206.1,206.1,5,5,0.0,0
MWB1164NY71,251.1,251.1,5,5,0.0,0
MWB1164SN51,251.1,251.1,5,5,0.0,0
MWB1169OL51,179.1,179.1,5,5,0.0,0
MWB1169SN91,179.1,179.1,5,5,0.0,0
MWB1170NY71,242.1,242.1,5,5,0.0,0
MWB1170OL71,242.1,242.1,5,5,0.0,0
MWX0002OL71,287.1,287.1,8,8,0.0,0
MWX0004BK31,269.1,269.1,9,9,0.0,0
MWX0004BK51,131.1,131.1,2,2,0.0,0
MWX0004BR72,269.1,269.1,3,3,0.0,0
MWX0004GN71,269.1,269.1,8,8,0.0,0
MWX0004GY71,269.1,269.1,9,9,0.0,0
MWX0007BK91,,269.1,0,1,,1
MWX0007OL71,,359.1,0,5,,5
MWX0008NY91,233.1,233.1,7,7,0.0,0
MWX0010OL71,269.1,269.1,9,9,0.0,0
MWX0011SG31,193.45,193.45,7,7,0.0,0
MWX0017BE51,194.0,287.1,4,8,93.10000000000002,4
MWX0017BK91,194.0,287.1,7,8,93.10000000000002,1
MWX0017NY91,194.0,287.1,7,8,93.10000000000002,1
MWX0017OL99,194.0,287.1,0,8,93.10000000000002,8
MWX0017RU52,194.0,287.1,7,8,93.10000000000002,1
MWX0017SG91,194.0,287.1,8,8,93.10000000000002,0
MWX0018BE51,269.1,269.1,6,9,0.0,3
MWX0018BK91,269.1,269.1,6,9,0.0,3
MWX0018NY91,269.1,269.1,7,7,0.0,0
MWX0018RU52,269.1,219.95,4,0,-49.150000000000034,-4
MWX0018SG91,269.1,269.1,9,9,0.0,0
MWX0020BK71,215.1,284.05,1,5,68.95000000000002,4
MWX0020OL71,215.1,215.1,4,4,0.0,0
MWX0068BK91,287.1,287.1,4,4,0.0,0
MWX0086NY92,206.1,206.1,3,3,0.0,0
MWX0086OL71,222.95,251.1,1,5,28.150000000000006,4
MWX0337BK91,242.1,242.1,5,5,0.0,0
MWX0337BR31,242.1,242.1,6,6,0.0,0
MWX0337NY91,242.1,242.1,5,5,0.0,0
MWX0337SG91,242.1,242.1,4,4,0.0,0
MWX0339BK72,162.0,255.55,6,6,93.55000000000001,0
MWX0339NY92,162.0,255.55,4,7,93.55000000000001,3
MWX0339OL71,162.0,255.55,7,7,93.55000000000001,0
MWX0339RU91,162.0,242.1,6,7,80.1,1
MWX0340BK72,224.1,224.1,6,6,0.0,0
MWX0340NY93,224.1,224.1,3,3,0.0,0
MWX0340OL71,224.1,209.0,5,4,-15.099999999999994,-1
MWX0340RU91,238.95,238.95,5,5,0.0,0
MWX0340RU94,209.0,209.0,3,3,0.0,0
MWX0340SN91,224.1,224.1,3,3,0.0,0
MWX0465OL71,265.05,265.05,5,5,0.0,0
MWX0465SN31,265.05,265.05,4,4,0.0,0
MWX0566OL51,180.0,200.66,3,3,20.659999999999997,0
MWX0700NY51,206.0,251.1,3,5,45.099999999999994,2
MWX0700OL51,206.0,251.1,4,4,45.099999999999994,0
MWX0700RU71,206.0,251.1,3,3,45.099999999999994,0
MWX0723OL71,163.95,163.95,6,5,0.0,-1
MWX0726OL71,188.1,224.1,2,5,36.0,3
MWX0726RU91,198.95,198.95,5,5,0.0,0
MWX1106NY92,224.1,224.1,5,5,0.0,0
MWX1106SG51,224.1,224.1,5,5,0.0,0
MWX1212BK71,251.1,251.1,5,5,0.0,0
MWX1212NY92,251.1,251.1,5,5,0.0,0
MWX1212OL51,251.1,251.1,4,4,0.0,0
MWX1212SG51,251.1,251.1,3,3,0.0,0
MWX1212SN31,279.0,279.0,5,5,0.0,0
MWX1213NY92,206.1,206.1,6,6,0.0,0
MWX1213OL71,214.95,214.95,6,6,0.0,0
MWX1213RU91,206.1,242.1,1,6,36.0,5
MWX1350NY51,179.1,179.1,4,4,0.0,0
MWX1350OL51,179.1,179.1,1,1,0.0,0
MWX1350OL52,179.1,179.1,3,3,0.0,0
MWX1377OL51,224.1,224.1,3,3,0.0,0
MWX1377OL52,141.55,141.55,1,1,0.0,0
MWX1678BK91,242.1,242.1,6,6,0.0,0
MWX1678BR91,242.1,242.1,4,4,0.0,0
MWX1678GY93,242.1,242.1,7,7,0.0,0
MWX1678NY91,242.1,269.0,1,7,26.900000000000006,6
MWX1678OL51,242.1,242.1,7,7,0.0,0
MWX1678RE72,242.1,242.1,7,7,0.0,0
MWX1678SG91,242.1,242.1,7,7,0.0,0
MWX1678SN31,242.1,242.1,7,7,0.0,0
MWX1679BK91,299.0,299.0,7,7,0.0,0
MWX1679BL56,299.0,299.0,7,7,0.0,0
MWX1679GY93,299.0,299.0,7,7,0.0,0
MWX1679RE91,299.0,299.0,7,7,0.0,0
MWX1679SG91,299.0,299.0,7,7,0.0,0
MWX1853SG91,284.05,284.05,5,5,0.0,0
MWX2140BK11,251.1,251.1,6,6,0.0,0
MWX2140BR91,279.0,279.0,6,6,0.0,0
MWX2140NY91,251.1,251.1,6,6,0.0,0
MWX2140RU52,251.1,251.1,6,6,0.0,0
MWX2140SG91,251.1,251.1,6,6,0.0,0
MWX2205BR71,206.1,206.1,5,5,0.0,0
MWX2205NY92,206.1,206.1,5,5,0.0,0
MWX2205OL52,186.95,206.1,1,5,19.150000000000006,4
MWX2205OL71,206.1,206.1,4,4,0.0,0
MWX2237BK11,314.1,314.1,4,4,0.0,0
MWX2237NY51,314.1,314.1,5,5,0.0,0
MWX2237OL52,314.1,314.1,3,3,0.0,0
MWX2370BK71,263.2,263.2,3,3,0.0,0
MWX2379BK71,182.4,182.4,1,1,0.0,0
MWX2379GY93,223.2,223.2,4,4,0.0,0
MWX2384BK71,172.9,172.9,2,2,0.0,0
MWX2447NY52,251.1,251.1,5,5,0.0,0
MWX2447OL52,251.1,251.1,4,4,0.0,0
MWX2455SN31,251.1,251.1,3,3,0.0,0
MWX2458OL71,224.1,249.0,1,4,24.900000000000006,3
MWX2490NY51,188.37,188.37,2,2,0.0,0
MWX2490OL51,188.37,188.37,3,3,0.0,0
MWX2490OL53,269.1,269.1,5,5,0.0,0
MWX2492OL71,206.1,206.1,4,4,0.0,0
MWX2492SG51,206.1,206.1,4,4,0.0,0
MWX2494OL71,229.68,229.68,4,4,0.0,0
MWX2495SG51,269.0,269.0,7,7,0.0,0
MWX2496BK91,269.0,269.0,7,7,0.0,0
MWX2496SG91,269.0,269.0,7,7,0.0,0
MWX2497BK11,269.1,269.1,5,5,0.0,0
MWX2497SG91,269.1,269.1,6,6,0.0,0
MWX2499BK71,279.0,279.0,7,7,0.0,0
MWX2499OL71,279.0,279.0,7,7,0.0,0
MWX2499SG51,279.0,279.0,7,7,0.0,0
MWX2501BK71,251.1,251.1,3,3,0.0,0
MWX2508BK71,287.1,287.1,3,3,0.0,0
MWX2524BK71,269.1,269.1,4,4,0.0,0
MWX2526NY92,215.1,215.1,2,2,0.0,0
MWX2526OL99,215.1,215.1,4,4,0.0,0
MWX2527OL99,185.0,185.0,5,5,0.0,0
MWX2533NY51,224.1,224.1,4,4,0.0,0
MWX2533OL52,141.55,141.55,3,3,0.0,0
MWX2536GY71,260.1,260.1,4,4,0.0,0
MWX2536OL99,205.0,205.0,5,5,0.0,0
MWX2539BK71,209.0,209.0,5,5,0.0,0
MWX2540OL52,169.47,169.47,3,3,0.0,0
MWX2546OL75,269.1,269.1,5,5,0.0,0
MWX2569BR91,279.0,279.0,7,7,0.0,0
MWX2569NY92,279.0,279.0,7,7,0.0,0
MWX2579BR71,206.1,206.1,5,5,0.0,0
MWX2579NY92,206.1,206.1,5,5,0.0,0
MWX2584NY92,251.1,251.1,4,4,0.0,0
MWX2584SG51,251.1,251.1,5,5,0.0,0
MWX2584SN91,251.1,251.1,2,2,0.0,0
MWX2585SG51,269.1,269.1,5,5,0.0,0
MWX2588SG51,269.1,269.1,5,5,0.0,0
MWX2590RU91,251.1,251.1,0,0,0.0,0
MWX2592BK11,299.0,299.0,7,7,0.0,0
MWX2592SG71,299.0,299.0,7,7,0.0,0
MWX2595BR91,299.0,299.0,7,7,0.0,0
MWX2595SG51,299.0,299.0,7,7,0.0,0
MWX2596OL71,299.0,299.0,7,7,0.0,0
MWX2597OL71,299.0,299.0,7,7,0.0,0
MWX2604BK71,242.1,242.1,5,5,0.0,0
MWX2615BR71,242.1,242.1,5,5,0.0,0
MWX2615NY92,242.1,242.1,5,5,0.0,0
MWX2616BR71,269.1,269.1,5,5,0.0,0
MWX2616NY92,269.1,269.1,5,5,0.0,0
